food_code,food_group,food_name,edible_factor,energy_kj,energy_kcal,water_g,protein_g,fat_g,carbohydrate_g,fibre_g,ash_g
01001,01 CEREALS AND CEREAL PRODUCTS,"Amaranth, whole grain, dry, raw",1.0,1520.0,360.0,10.0,14.7,5.6,59.2,7.5,3.1
01002,01 CEREALS AND CEREAL PRODUCTS,"Amaranth, whole grain, flour",1.0,1540.0,365.0,10.2,13.8,6.3,59.6,7.1,3.0
01003,01 CEREALS AND CEREAL PRODUCTS,"Biscuit, Savoury",1.0,2060.0,492.0,4.5,6.6,24.9,58.9,3.3,1.9
01004,01 CEREALS AND CEREAL PRODUCTS,"Biscuit, Sweet",1.0,1930.0,460.0,4.3,6.1,17.2,69.3,2.1,1.1
01006,01 CEREALS AND CEREAL PRODUCTS,"Bread, Sweet",1.0,1540.0,368.0,23.5,8.3,14.4,50.6,1.5,1.8
01008,01 CEREALS AND CEREAL PRODUCTS,"Breakfast cereal, flakes of corn, fortified (iron, thiamine, riboflavin, niacin and folate)",1.0,1580.0,372.0,3.5,7.5,0.7,82.6,2.95,2.8
01012,01 CEREALS AND CEREAL PRODUCTS,"Cake or cupcake, plain butter cake, commercial",1.0,1530.0,363.0,25.9,7.1,15.3,48.8,1.1,1.9
01013,01 CEREALS AND CEREAL PRODUCTS,"Cake, Fruit",1.0,1550.0,368.0,20.0,4.0,12.3,58.8,3.1,1.8
01014,01 CEREALS AND CEREAL PRODUCTS,"Cake, Sponge, homemade",1.0,1940.0,465.0,15.0,6.5,26.7,49.1,1.1,1.6
01016,01 CEREALS AND CEREAL PRODUCTS,Cakes (Various Fancy Iced),1.0,1730.0,412.0,15.7,13.0,16.8,51.5,1.1,1.9
01017,01 CEREALS AND CEREAL PRODUCTS,"Cornflour, from maize starch",1.0,1510.0,355.0,10.6,0.5,0.4,87.1,0.6,0.8
01018,01 CEREALS AND CEREAL PRODUCTS,"Maize, grain, white variety, whole, dry, raw",1.0,1450.0,345.0,13.6,7.94,4.5,63.4,9.4,1.2
01047,01 CEREALS AND CEREAL PRODUCTS,"Maize, grain, white variety, whole, dry, boiled, drained (without salt)",1.0,469.0,111.0,72.1,2.6,1.5,20.5,3.0,0.4
01048,01 CEREALS AND CEREAL PRODUCTS,"Maize, grain, white variety, whole, dry, stewed (without salt)",1.0,469.0,111.0,72.1,2.6,1.5,20.5,3.0,0.4
01019,01 CEREALS AND CEREAL PRODUCTS,"Maize, grain, yellow variety, whole, dry, raw",1.0,1430.0,340.0,12.7,8.3,3.7,62.5,11.9,1.0
01049,01 CEREALS AND CEREAL PRODUCTS,"Maize, grain, yellow variety, whole, dry, boiled, drained (without salt)",1.0,463.0,110.0,71.8,2.7,1.2,20.2,3.8,0.4
01050,01 CEREALS AND CEREAL PRODUCTS,"Maize, grain, yellow variety, whole, dry, stewed, drained (without salt)",,334.0,79.0,79.6,1.9,0.9,14.5,2.8,0.3
01020,01 CEREALS AND CEREAL PRODUCTS,"Maize meal, sifted, fortified, packaged, raw",1.0,1490.0,352.0,12.7,6.8,3.0,72.3,4.5,0.7
01021,01 CEREALS AND CEREAL PRODUCTS,"Maize, White, Degermed (Muthokoi)",1.0,1430.0,338.0,13.5,7.3,1.7,71.4,3.9,2.2
01022,01 CEREALS AND CEREAL PRODUCTS,"Maize, whole, flour, raw",1.0,1450.0,345.0,13.6,7.9,4.5,63.4,9.4,1.2
01023,01 CEREALS AND CEREAL PRODUCTS,"Green Maize, white, whole, grain, fresh, raw",0.68,655.0,157.0,55.1,4.1,2.5,21.4,16.1,0.8
01051,01 CEREALS AND CEREAL PRODUCTS,"Green maize, white, whole, grain, fresh, boiled, drained (without salt)",0.69,612.0,146.0,58.0,3.8,2.3,20.0,15.0,0.8
01052,01 CEREALS AND CEREAL PRODUCTS,"Green Maize, white, whole, grain, fresh, stewed (without salt)",0.62,850.0,203.0,41.7,5.3,3.2,27.8,20.9,1.1
01024,01 CEREALS AND CEREAL PRODUCTS,"Millet, bulrush, flour",1.0,1490.0,354.0,11.0,10.5,5.3,61.8,8.8,2.7
01053,01 CEREALS AND CEREAL PRODUCTS,"Millet, bulrush, whole, grain, dry, boiled, drained (without salt)",1.0,623.0,148.0,62.9,4.1,2.2,26.0,3.6,1.1
01026,01 CEREALS AND CEREAL PRODUCTS,"Millet, finger, flour",1.0,1290.0,306.0,11.3,7.4,2.0,53.3,22.6,3.5
01028,01 CEREALS AND CEREAL PRODUCTS,Millet Yeast (germinated millet seeds),1.0,1270.0,302.0,12.7,7.4,1.9,52.7,22.6,2.9
01029,01 CEREALS AND CEREAL PRODUCTS,"Oat bran, unprocessed, uncooked",1.0,1570.0,373.0,5.6,10.7,7.5,57.8,15.5,2.9
01030,01 CEREALS AND CEREAL PRODUCTS,"Pasta, macaroni, plain, dry, raw-imported",1.0,1570.0,370.0,7.1,13.7,1.5,73.8,3.3,0.7
01065,01 CEREALS AND CEREAL PRODUCTS,"Pasta, macaroni, plain, dry, imported, boiled, drained (without salt)",1.0,637.0,150.0,62.2,5.6,0.6,30.0,1.4,0.3
01066,01 CEREALS AND CEREAL PRODUCTS,"Pasta, macaroni, plain, dry, imported boiled in recipe (without salt)",,637.0,150.0,62.2,5.6,0.6,30.0,1.4,0.3
01031,01 CEREALS AND CEREAL PRODUCTS,"Pasta, spaghetti, dry, raw-imported",1.0,1500.0,354.0,10.6,12.7,1.4,71.0,3.2,1.1
01064,01 CEREALS AND CEREAL PRODUCTS,"Pasta, spaghetti, dry, imported, boiled in recipe (without salt)",1.0,517.0,122.0,69.1,4.4,0.5,24.5,1.1,0.4
01033,01 CEREALS AND CEREAL PRODUCTS,"Rice, parboiled, raw",1.0,1460.0,345.0,12.0,7.0,0.5,76.2,3.7,0.6
01034,01 CEREALS AND CEREAL PRODUCTS,"Rice, white, milled, polished grain, dry, raw",1.0,1500.0,353.0,12.2,7.6,1.0,78.1,0.7,0.4
01059,01 CEREALS AND CEREAL PRODUCTS,"Rice, white, milled, polished grain, dry, boiled (without salt)",,503.0,119.0,70.5,2.6,0.3,26.2,0.2,0.2
01035,01 CEREALS AND CEREAL PRODUCTS,Semolina,1.0,1460.0,345.0,11.8,10.9,1.1,70.5,4.9,0.8
01036,01 CEREALS AND CEREAL PRODUCTS,"Scone, plain, commercial",1.0,1570.0,375.0,21.0,7.5,15.0,51.4,2.1,3.0
01037,01 CEREALS AND CEREAL PRODUCTS,"Sorghum, Grain, Red, Dried, Raw",1.0,1420.0,336.0,11.6,9.3,3.5,59.9,14.0,1.8
01057,01 CEREALS AND CEREAL PRODUCTS,"Sorghum, whole, grain, red, dried, boiled, drained (without salt)",1.0,590.0,140.0,63.1,3.9,1.5,24.9,5.8,0.8
01058,01 CEREALS AND CEREAL PRODUCTS,"Sorghum, whole, grain, red, dried, stewed, drained (without salt)",1.0,590.0,140.0,63.1,3.9,1.5,24.9,5.8,0.8
01039,01 CEREALS AND CEREAL PRODUCTS,"Sorghum, grain, white, dry, raw",1.0,1440.0,341.0,11.8,10.8,3.5,60.5,11.9,1.5
01056,01 CEREALS AND CEREAL PRODUCTS,"Sorghum, whole, grain white, dry, stewed, drained (without salt)",1.0,599.0,142.0,63.2,4.5,1.5,25.2,4.9,0.6
01041,01 CEREALS AND CEREAL PRODUCTS,"Teff, raw",1.0,1490.0,351.0,8.8,13.3,2.4,65.1,8.0,2.4
01043,01 CEREALS AND CEREAL PRODUCTS,"Wheat Flour (refined/fortified/sifted packaged), raw",1.0,1480.0,349.0,12.2,11.2,1.6,70.7,3.6,0.7
01044,01 CEREALS AND CEREAL PRODUCTS,"Wheat, whole, flour, raw",1.0,1380.0,328.0,12.5,11.3,2.5,58.0,14.0,1.7
01045,01 CEREALS AND CEREAL PRODUCTS,"Wheat, whole, grain, dry, raw",1.0,1380.0,328.0,12.5,11.6,2.5,57.8,14.0,1.7
01062,01 CEREALS AND CEREAL PRODUCTS,"Wheat, whole, grain, dry, stewed (without salt)",1.0,777.0,184.0,50.8,6.5,1.4,32.5,7.9,1.0
02002,"02 STARCHY ROOTS, TUBERS AND BANANAS","Arrowroot, peeled, raw",0.76,461.0,109.0,70.9,3.2,0.3,22.3,,1.3
02003,"02 STARCHY ROOTS, TUBERS AND BANANAS","Banana, BITA 3, dried, flour",1.0,1550.0,366.0,2.3,3.9,1.8,78.5,9.9,3.6
02004,"02 STARCHY ROOTS, TUBERS AND BANANAS","Banana, plantain, green, raw",0.5,410.0,97.0,73.6,1.4,0.4,20.1,3.6,0.9
02005,"02 STARCHY ROOTS, TUBERS AND BANANAS","Beet root, peeled, raw",0.85,184.0,44.0,86.1,2.17,0.1,6.9,3.31,1.4
02021,"02 STARCHY ROOTS, TUBERS AND BANANAS","Beet root, peeled, boiled, drained (without salt)",1.0,186.0,44.0,86.0,2.2,0.1,7.0,3.3,1.4
02023,"02 STARCHY ROOTS, TUBERS AND BANANAS","Beet root, peeled, stewed (without salt)",1.0,174.0,41.0,86.9,2.0,0.1,6.5,3.1,1.3
02024,"02 STARCHY ROOTS, TUBERS AND BANANAS","Cassava, root, yellow, peeled, boiled, drained (without salt)",1.0,454.0,107.0,70.7,1.4,0.2,23.1,4.0,0.7
02025,"02 STARCHY ROOTS, TUBERS AND BANANAS","Potato, Irish (English), white variety, peeled, boiled, drained (without salt)",1.0,447.0,105.0,72.1,2.4,0.1,22.7,1.7,1.0
02010,"02 STARCHY ROOTS, TUBERS AND BANANAS","Radish, round, red skin, raw",0.81,64.0,15.0,94.5,0.8,0.16,1.6,2.3,0.7
02012,"02 STARCHY ROOTS, TUBERS AND BANANAS","Radish, white skin, raw",0.99,93.0,22.0,93.0,1.1,0.3,2.7,2.1,0.7
02013,"02 STARCHY ROOTS, TUBERS AND BANANAS","Sweet potato, brown skin, peeled, raw",0.84,428.0,101.0,72.0,1.7,0.4,20.8,4.0,1.2
02027,"02 STARCHY ROOTS, TUBERS AND BANANAS","Sweet potato, brown skin, peeled, boiled, drained (without salt)",,428.0,101.0,72.0,1.7,0.4,20.8,4.0,1.2
02014,"02 STARCHY ROOTS, TUBERS AND BANANAS","Sweetpotato, orange, biofortified, raw",0.92,325.0,76.9,78.7,1.9,0.1,15.6,3.0,0.7
02028,"02 STARCHY ROOTS, TUBERS AND BANANAS","Sweetpotato, orange, biofortified, boiled, drained (without salt)",,325.0,77.0,78.7,1.9,0.1,15.6,3.0,0.7
02015,"02 STARCHY ROOTS, TUBERS AND BANANAS","Sweet potato, pink skin",0.84,349.0,83.0,76.8,1.8,0.6,15.6,3.9,1.3
02029,"02 STARCHY ROOTS, TUBERS AND BANANAS","Sweet potato, pink skin, boiled, drained (without salt)",,349.0,83.0,76.8,1.8,0.6,15.6,3.9,1.3
02016,"02 STARCHY ROOTS, TUBERS AND BANANAS","Taro, peeled, raw",0.9,411.0,97.0,73.0,1.8,0.2,20.3,3.5,1.2
02017,"02 STARCHY ROOTS, TUBERS AND BANANAS","Turnip, root, raw",0.77,94.0,22.0,93.1,0.7,0.2,3.6,1.7,0.8
02018,"02 STARCHY ROOTS, TUBERS AND BANANAS","Yam, flour",1.0,1320.0,312.0,14.0,3.4,0.4,67.4,12.8,2.0
02030,"02 STARCHY ROOTS, TUBERS AND BANANAS","Yam, white, boiled, drained (without salt)",,500.0,118.0,67.4,2.0,0.2,24.9,4.3,1.2
03001,03 LEGUMES AND PULSES,"Beans, broad, dry, raw",1.0,1280.0,305.0,10.9,25.7,1.53,35.6,22.9,3.29
03023,03 LEGUMES AND PULSES,"Beans, broad, dry, unsoaked, boiled, drained (without salt)",1.0,458.0,109.0,68.2,9.2,0.5,12.7,8.2,1.2
03024,03 LEGUMES AND PULSES,"Beans, broad, dry, unsoaked, boiled (without salt, water not discarded)",1.0,279.0,66.0,80.6,5.6,0.3,7.7,5.0,0.8
03025,03 LEGUMES AND PULSES,"Beans, broad, dry, water-soaked, boiled in different water, drained (without salt)",1.0,458.0,109.0,68.2,9.2,0.5,12.7,8.2,1.2
03026,03 LEGUMES AND PULSES,"Beans, broad, dry, water-soaked, boiled in different water (without salt, water not discarded)",1.0,279.0,66.0,80.6,5.6,0.3,7.7,5.0,0.8
03002,03 LEGUMES AND PULSES,"Beans, broad, fresh, raw",1.0,345.0,82.0,75.0,7.2,0.5,8.7,7.1,1.3
03027,03 LEGUMES AND PULSES,"Beans, broad, fresh, boiled, drained (without salt)",1.0,363.0,87.0,73.9,7.5,0.5,9.2,7.5,1.3
03003,03 LEGUMES AND PULSES,"Beans, cluster, fresh, raw",0.86,232.0,55.0,82.9,6.19,0.4,4.4,4.8,1.4
03028,03 LEGUMES AND PULSES,"Beans, cluster, fresh, boiled, drained (without salt)",1.0,244.0,58.0,82.0,6.5,0.4,4.6,5.1,1.4
03004,03 LEGUMES AND PULSES,"Beans, kidney, dry, raw",1.0,1280.0,305.0,12.1,20.5,2.0,40.6,21.2,3.6
03030,03 LEGUMES AND PULSES,"Beans, kidney, dry, unsoaked, boiled (without salt, water not discarded)",1.0,296.0,70.0,79.7,4.7,0.5,9.4,4.9,0.9
03032,03 LEGUMES AND PULSES,"Beans, kidney, dry, water-soaked, boiled in different water (without salt, water not discarded)",1.0,296.0,70.0,79.7,4.7,0.5,9.4,4.9,0.9
03033,03 LEGUMES AND PULSES,"Beans, lima, dry, unsoaked, boiled, drained (without salt)",1.0,504.0,120.0,65.4,8.9,0.7,15.9,7.3,1.8
03034,03 LEGUMES AND PULSES,"Beans, lima, dry, unsoaked, boiled (without salt, water not discarded)",1.0,291.0,69.0,80.0,5.2,0.4,9.2,4.2,1.1
03035,03 LEGUMES AND PULSES,"Beans, lima, dry, water-soaked, boiled in different water, drained (without salt)",1.0,504.0,120.0,65.4,8.9,0.7,15.9,7.3,1.8
03036,03 LEGUMES AND PULSES,"Beans, lima, dry, water-soaked, boiled in different water (without salt, water not discarded)",1.0,291.0,69.0,80.0,5.2,0.4,9.2,4.2,1.1
03006,03 LEGUMES AND PULSES,"Bean, red, fresh, raw",0.38,553.0,131.0,61.6,12.8,0.4,14.6,9.1,1.5
03007,03 LEGUMES AND PULSES,"Beans, shellie, canned, solid & liquids",1.0,112.0,27.0,90.7,1.8,0.2,2.8,3.4,1.2
03008,03 LEGUMES AND PULSES,"Bonavist, dry, raw",1.0,1350.0,319.0,10.3,23.1,1.4,45.3,16.4,3.4
03037,03 LEGUMES AND PULSES,"Bonavist, dry, unsoaked, boiled, drained (without salt)",1.0,516.0,122.0,65.6,8.9,0.5,17.4,6.3,1.3
03038,03 LEGUMES AND PULSES,"Bonavist, dry, unsoaked, boiled (without salt, water not discarded)",1.0,430.0,102.0,71.3,7.4,0.4,14.5,5.2,1.1
03039,03 LEGUMES AND PULSES,"Bonavist, dry, water-soaked, boiled in different water, drained (without salt)",1.0,516.0,122.0,65.6,8.9,0.5,17.4,6.3,1.3
03040,03 LEGUMES AND PULSES,"Bonavist, dry, water-soaked, boiled in different water (without salt, water not discarded)",1.0,326.0,77.0,78.3,5.6,0.3,11.0,4.0,0.9
03009,03 LEGUMES AND PULSES,"Bonavist, fresh, raw",1.0,521.0,124.0,63.3,5.8,0.6,18.8,10.0,1.5
03010,03 LEGUMES AND PULSES,"Chick peas, whole, dry, raw",1.0,1350.0,323.0,9.9,22.3,5.1,34.3,25.2,3.1
03041,03 LEGUMES AND PULSES,"Chick peas, whole, dry, unsoaked, boiled, drained (without salt)",1.0,601.0,143.0,59.9,9.9,2.3,15.3,11.2,1.4
03043,03 LEGUMES AND PULSES,"Chick peas, whole, dry, water-soaked, boiled in different water, drained (without salt)",1.0,601.0,143.0,59.9,9.9,2.3,15.3,11.2,1.4
03044,03 LEGUMES,"Chick peas, whole, dry, water-soaked, boiled in different water (without salt, water not discarded)",1.0,430.0,102.0,71.4,7.1,1.6,10.9,8.0,1.0
03011,03 LEGUMES,"Cowpeas, dry, raw",1.0,1320.0,313.0,12.4,25.3,1.1,43.3,14.3,3.6
03045,03 LEGUMES,"Cowpeas, dry, unsoaked, boiled, drained (without salt)",1.0,495.0,117.0,67.1,9.5,0.4,16.2,5.4,1.4
03046,03 LEGUMES,"Cowpeas, unsoaked, boiled (without salt, water not discarded)",1.0,299.0,71.0,80.1,5.7,0.3,9.8,3.2,0.8
03047,03 LEGUMES,"Cowpeas, dry, water-soaked, boiled in different water, drained (without salt)",1.0,495.0,117.0,67.1,9.5,0.4,16.2,5.4,1.4
03048,03 LEGUMES,"Cowpeas, dry, water-soaked, boiled in different water (without salt, water not discarded)",1.0,299.0,71.0,80.1,5.7,0.3,9.8,3.2,0.8
03012,03 LEGUMES,"Cowpeas, fresh, raw",1.0,526.0,125.0,63.8,4.6,0.6,21.5,8.0,1.7
03049,03 LEGUMES,"Cowpeas, fresh, boiled, drained (without salt)",1.0,554.0,132.0,61.8,4.8,0.6,22.6,8.4,1.8
03013,03 LEGUMES,"Flour, soya, full fat",1.0,1830.0,437.0,7.0,37.0,20.2,22.0,9.41,4.37
03014,03 LEGUMES,"Flour, soya, low fat",1.0,1510.0,361.0,7.0,45.0,8.68,17.8,15.6,5.9
03015,03 LEGUMES,"Garden peas, fresh, raw",0.41,392.0,93.0,72.5,7.9,0.7,9.8,8.0,1.0
03050,03 LEGUMES,"Garden peas, fresh, boiled, drained (without salt)",,413.0,98.0,71.1,8.3,0.7,10.4,8.5,1.1
03016,03 LEGUMES,"Garden peas, dry, raw",1.0,1370.0,324.0,10.3,20.4,1.9,47.8,17.0,2.5
03051,03 LEGUMES,"Garden peas, dry, unsoaked, boiled, drained (without salt)",1.0,506.0,120.0,66.8,7.6,0.7,17.7,6.3,1.0
03052,03 LEGUMES,"Garden peas, unsoaked, boiled (without salt, water not discarded)",1.0,321.0,76.0,78.9,4.8,0.4,11.2,4.0,0.6
03053,03 LEGUMES,"Garden peas, dry, water-soaked, boiled in different water, drained (without salt)",1.0,506.0,120.0,66.8,7.6,0.7,17.7,6.3,1.0
03054,03 LEGUMES AND PULSES,"Garden peas, dry, water-soaked, boiled in different water (without salt, water not discarded)",1.0,321.0,76.0,78.9,4.8,0.4,11.2,4.0,0.6
03017,03 LEGUMES AND PULSES,"Gram, black, dry, raw",1.0,1330.0,316.0,11.4,24.6,1.7,42.5,16.3,3.51
03055,03 LEGUMES AND PULSES,"Gram, black, dry, unsoaked, boiled, drained (without salt)",1.0,433.0,103.0,71.2,8.0,0.6,13.8,5.3,1.2
03056,03 LEGUMES AND PULSES,"Gram, black, dry, unsoaked, boiled (without salt, water not discarded)",1.0,290.0,69.0,80.7,5.3,0.4,9.2,3.5,0.8
03057,03 LEGUMES AND PULSES,"Gram, black, dry, water-soaked, boiled in different water, drained (without salt)",1.0,433.0,103.0,71.2,8.0,0.6,13.8,5.3,1.2
03058,03 LEGUMES AND PULSES,"Gram, black, dry, water-soaked, boiled in different water (without salt, water not discarded)",1.0,290.0,69.0,80.7,5.3,0.4,9.2,3.5,0.8
03018,03 LEGUMES AND PULSES,"Gram, Flour",1.0,1490.0,353.0,9.6,22.7,5.4,48.5,10.1,3.75
03019,03 LEGUMES AND PULSES,"Gram, green, dry, raw",1.0,1310.0,311.0,11.6,27.2,1.7,38.4,16.7,4.4
03059,03 LEGUMES AND PULSES,"Gram, green, dry, unsoaked, boiled, drained (without salt)",1.0,487.0,116.0,67.1,10.1,0.6,14.3,6.2,1.7
03060,03 LEGUMES AND PULSES,"Gram, green, dry, unsoaked, boiled (without salt, water not discarded)",1.0,309.0,73.0,79.2,6.4,0.4,9.0,3.9,1.1
03061,03 LEGUMES AND PULSES,"Gram, green, dry, water-soaked, boiled in different water, drained (without salt)",1.0,487.0,116.0,67.1,10.1,0.6,14.3,6.2,1.7
03062,03 LEGUMES AND PULSES,"Gram, green, dry, water-soaked, boiled in different water (without salt, water not discarded)",1.0,309.0,73.0,79.2,6.4,0.4,9.0,3.9,1.1
03020,03 LEGUMES AND PULSES,"Lentils, whole, dry, raw",1.0,1340.0,318.0,9.95,28.4,0.6,41.3,16.8,3.0
03063,03 LEGUMES AND PULSES,"Lentils, whole, dry, unsoaked, boiled, drained (without salt)",1.0,506.0,120.0,66.0,10.7,0.2,15.6,6.3,1.1
03064,03 LEGUMES AND PULSES,"Lentils, whole, unsoaked, boiled (without salt, water not discarded)",1.0,316.0,75.0,78.8,6.7,0.2,9.7,4.0,0.7
03066,03 LEGUMES AND PULSES,"Lentils, whole, dry, water-soaked, boiled in different water (without salt, water not discarded)",1.0,316.0,75.0,78.8,6.7,0.2,9.7,4.0,0.7
03021,03 LEGUMES AND PULSES,"Pigeon peas, dry, raw",1.0,1272.0,303.0,12.1,20.9,2.1,38.9,22.1,3.8
03067,03 LEGUMES AND PULSES,"Pigeon peas, dry, unsoaked, boiled, drained (without salt)",1.0,553.0,132.0,61.8,9.1,0.9,16.9,9.6,1.7
03068,03 LEGUMES AND PULSES,"Pigeon peas, dry, unsoaked, boiled (without salt, water not discarded)",1.0,398.0,95.0,72.5,6.5,0.7,12.1,6.9,1.2
03069,03 LEGUMES AND PULSES,"Pigeon peas, dry, water-soaked, boiled in different water, drained (without salt)",1.0,553.0,132.0,61.8,9.1,0.9,16.9,9.6,1.7
03070,03 LEGUMES AND PULSES,"Pigeon peas, dry, water-soaked, boiled in different water (without salt, water not discarded)",1.0,398.0,95.0,72.5,6.5,0.7,12.1,6.9,1.2
03022,03 LEGUMES AND PULSES,"Soybean, dry, raw",1.0,1605.0,386.0,12.7,34.0,19.1,9.7,19.3,5.2
03071,03 LEGUMES AND PULSES,"Soybean, dry, unsoaked, boiled, drained (without salt)",1.0,661.0,159.0,64.0,14.0,7.9,4.0,7.9,2.2
03072,03 LEGUMES AND PULSES,"Soybean, dry, water-soaked, boiled in different water, drained (without salt)",1.0,661.0,159.0,64.0,14.0,7.9,4.0,7.9,2.2
04039,04 VEGETABLE AND VEGETABLE PROCUCTS,"Amaranth, leaves, picked, boiled, drained (without salt)",1.0,158.0,38.0,83.8,3.9,0.3,1.3,7.6,3.2
04002,04 VEGETABLE AND VEGETABLE PROCUCTS,"Bitter gourd, whole, different varieties, raw",0.97,135.0,32.0,89.6,1.5,0.2,4.2,3.7,0.8
04003,04 VEGETABLE AND VEGETABLE PROCUCTS,"Black (African) nightshade, indigenous, leaves, picked, raw",0.52,127.0,31.0,88.6,3.8,0.1,1.3,4.3,1.8
04004,04 VEGETABLE AND VEGETABLE PROCUCTS,"Broccoli, tops and stems, raw",0.6,143.0,34.0,89.0,3.3,0.3,2.7,3.7,1.0
04045,04 VEGETABLE AND VEGETABLE PROCUCTS,"Broccoli, tops and stems, steamed (without salt)",1.0,137.0,33.0,89.4,3.2,0.3,2.6,3.6,1.0
04046,04 VEGETABLE AND VEGETABLE PROCUCTS,"Cabbage, leaf head, Chinese, boiled, drained (without salt)",1.0,41.0,10.0,96.9,0.9,0.3,0.4,1.1,0.4
04006,04 VEGETABLE AND VEGETABLE PROCUCTS,"Cabbage, leaf head, red raw",0.84,110.0,26.0,91.1,1.3,0.2,3.1,3.4,0.9
04049,04 VEGETABLE AND VEGETABLE PROCUCTS,"Cabbage, leaf head, red, stewed (without salt)",1.0,102.0,24.0,91.7,1.2,0.2,2.9,3.1,0.8
04050,04 VEGETABLE AND VEGETABLE PROCUCTS,"Cabbage, leaf head, white, boiled, drained (without salt)",1.0,78.0,19.0,93.6,1.1,0.1,2.2,2.3,0.7
04008,04 VEGETABLE AND VEGETABLE PROCUCTS,"Capsicum (sweet peper), green, raw",0.4,95.0,23.0,93.3,1.5,0.1,2.9,2.0,0.2
04053,04 VEGETABLE AND VEGETABLE PROCUCTS,"Capsicum (sweet peper), green, grilled (without salt and fat)",1.0,102.0,24.0,92.8,1.6,0.1,3.1,2.2,0.2
04009,04 VEGETABLE AND VEGETABLE PROCUCTS,"Capsicum (sweet peper), red, raw",0.4,110.0,26.0,92.4,1.7,0.2,3.5,1.8,0.4
04056,04 VEGETABLE AND VEGETABLE PROCUCTS,"Capsicum (sweet peper), red, grilled (without salt and fat)",1.0,118.0,28.0,91.8,1.8,0.2,3.8,1.9,0.4
04010,04 VEGETABLE AND VEGETABLE PROCUCTS,"Capsicum (sweet peper), yellow, raw",0.46,86.0,21.0,93.4,1.4,0.2,2.3,2.2,0.6
04059,04 VEGETABLE AND VEGETABLE PROCUCTS,"Capsicum (sweet peper), yellow, grilled (without salt and fat)",1.0,93.0,22.0,92.9,1.5,0.2,2.4,2.4,0.7
04011,04 VEGETABLE AND VEGETABLE PROCUCTS,"Carrot, peeled, raw",0.83,124.0,30.0,90.6,0.7,0.2,4.5,3.2,0.6
04062,04 VEGETABLE AND VEGETABLE PROCUCTS,"Carrot, peeled, stewed (without salt)",1.0,129.0,31.0,90.2,0.8,0.2,4.7,3.4,0.7
04063,04 VEGETABLE AND VEGETABLE PROCUCTS,"Cauliflower, tops and stems, boiled, drained (without salt)",1.0,79.0,19.0,93.2,2.0,0.2,0.9,2.8,0.9
04064,04 VEGETABLE AND VEGETABLE PROCUCTS,"Celery, stalk, boiled, drained (without salt)",1.0,127.0,30.0,89.9,0.7,0.1,5.8,1.6,1.9
04065,04 VEGETABLE AND VEGETABLE PROCUCTS,"Courgette, green, unpeeled, boiled, drained (without salt)",1.0,86.0,21.0,94.2,1.0,0.3,2.8,1.2,0.4
04066,04 VEGETABLE AND VEGETABLE PROCUCTS,"Cowpea, leaves, picked, boiled, drained (without salt)",1.0,117.0,28.0,89.2,3.2,0.4,0.6,4.7,1.8
04016,04 VEGETABLE AND VEGETABLE PROCUCTS,"Cucumber, green, unpeeled, raw",0.97,47.0,11.0,96.2,0.6,0.1,1.3,1.4,0.5
04068,04 VEGETABLE AND VEGETABLE PROCUCTS,"Eggplant / Brinjal, different varieties, whole edible, boiled, drained (without salt)",1.0,119.0,29.0,90.1,1.3,0.3,3.0,4.3,1.0
04018,04 VEGETABLE AND VEGETABLE PROCUCTS,"Jute mallow, picked leaves, raw",0.48,187.0,45.0,82.3,4.6,0.2,2.1,8.3,2.5
04071,04 VEGETABLE AND VEGETABLE PROCUCTS,"Jute mallow, picked leaves, stewed (without salt)",1.0,231.0,56.0,78.2,5.7,0.2,2.6,10.2,3.1
04072,04 VEGETABLE AND VEGETABLE PROCUCTS,"Kale, Ethiopian (kanzera), leaves, boiled, drained (without salt)",1.0,108.0,26.0,90.8,3.1,0.6,0.2,3.8,1.5
04020,04 VEGETABLE AND VEGETABLE PROCUCTS,Kale (sukuma wiki) raw,0.88,121.0,29.0,89.2,3.0,0.3,1.2,4.7,1.6
04075,04 VEGETABLE AND VEGETABLE PROCUCTS,"Kale (sukuma wiki), steamed (without salt)",1.0,105.0,25.0,90.6,2.6,0.3,1.1,4.1,1.4
04076,04 VEGETABLE AND VEGETABLE PROCUCTS,"Leeks, bulb and stem, boiled, drained (without salt)",1.0,276.0,66.0,81.4,2.0,0.5,11.4,3.7,1.0
04023,04 VEGETABLE AND VEGETABLE PROCUCTS,"Mushroom, fresh, raw",1.0,148.0,35.0,89.7,2.3,0.4,4.5,2.3,0.9
04078,04 VEGETABLE AND VEGETABLE PROCUCTS,"Mushroom, fresh, stewed (without salt)",1.0,183.0,43.0,87.3,2.8,0.5,5.5,2.8,1.1
04079,04 VEGETABLE AND VEGETABLE PROCUCTS,"Mushroom, dried, boiled, drained (without salt)",1.0,674.0,162.0,49.6,7.0,1.6,18.5,22.4,0.8
04026,04 VEGETABLE AND VEGETABLE PROCUCTS,"Okra, fresh, raw",0.74,136.0,32.0,90.0,2.0,0.2,3.5,3.7,0.7
04081,04 VEGETABLE AND VEGETABLE PROCUCTS,"Okra, fresh, stewed (without salt)",,147.0,35.0,88.7,2.2,0.2,6.1,4.0,1.8
04082,04 VEGETABLE AND VEGETABLE PROCUCTS,"Pumpkin, flesh, yellow w/o seeds, boiled, drained (without salt)",1.0,146.0,35.0,89.5,1.3,0.2,5.6,2.6,0.8
04028,04 VEGETABLE AND VEGETABLE PROCUCTS,"Pumpkin, leaves, raw",0.82,156.0,37.0,87.3,4.2,0.7,2.2,2.3,3.2
04085,04 VEGETABLE AND VEGETABLE PROCUCTS,"Pumpkin, leaves, steamed (without salt)",1.0,135.0,32.0,89.0,3.7,0.6,1.9,2.0,2.8
04086,04 VEGETABLE AND VEGETABLE PROCUCTS,"Spider plant, leaves, boiled, drained (without salt)",1.0,172.0,41.0,85.7,4.6,0.7,2.0,4.1,2.9
04087,04 VEGETABLE AND VEGETABLE PROCUCTS,"Spider plant, leaves, steamed (without salt)",1.0,157.0,38.0,86.9,4.2,0.7,1.9,3.8,2.6
04088,04 VEGETABLE AND VEGETABLE PROCUCTS,"Spinach, leaves, boiled, drained (without salt)",1.0,118.0,28.0,89.3,2.9,0.4,1.2,4.3,1.9
04031,04 VEGETABLE AND VEGETABLE PROCUCTS,"Spinach, Swiss chard, leaves, raw",0.5,102.0,25.0,90.3,3.1,0.2,0.7,3.6,2.0
04091,04 VEGETABLE AND VEGETABLE PROCUCTS,"Spinach, Swiss chard, leaves, stewed (without salt)",1.0,126.0,30.0,88.0,3.9,0.3,0.9,4.5,2.5
04092,04 VEGETABLE AND VEGETABLE PROCUCTS,"Squash, butternut, peeled, flesh, boiled, drained (without salt)",1.0,204.0,48.0,85.7,1.6,0.1,8.8,2.8,0.9
04094,04 VEGETABLE AND VEGETABLE PROCUCTS,"Squash, butternut, peeled, flesh, baked (without salt)",1.0,214.0,51.0,85.1,1.7,0.1,9.2,2.9,1.0
04095,04 VEGETABLE AND VEGETABLE PROCUCTS,"Stinging nettle, leaves, boiled, drained (without salt)",1.0,237.0,56.0,81.1,5.1,0.7,6.4,2.0,4.7
04034,04 VEGETABLE AND VEGETABLE PROCUCTS,Sweet Potato (Leaves),1.0,150.0,36.0,87.6,4.3,0.5,0.8,5.3,1.4
04097,04 VEGETABLE AND VEGETABLE PROCUCTS,"Tomato, green, boiled, drained (without salt)",1.0,121.0,29.0,91.3,1.4,0.3,4.2,2.1,0.8
04098,04 VEGETABLE AND VEGETABLE PROCUCTS,"Tomato, red, ripe, boiled, drained (without salt)",1.0,118.0,28.0,91.8,1.3,0.3,4.2,1.8,0.7
04038,04 VEGETABLE AND VEGETABLE PROCUCTS,"Vine (African) spinach, picked leaves, raw",0.94,117.0,28.0,90.4,3.4,0.7,0.2,3.7,1.6
05002,05 FRUITS,"Apple, red, unpeeled, raw",0.9,239.0,57.0,84.6,0.3,0.1,12.4,2.3,0.25
05004,05 FRUITS,"Banana, cavendish, raw",0.62,402.0,95.0,74.4,1.08,0.3,20.6,2.75,0.9
05006,05 FRUITS,"Custard apple, peeled, raw",0.72,386.0,92.0,75.0,1.7,0.7,17.0,5.1,0.8
05008,05 FRUITS,"Date, raw",0.86,645.0,152.0,60.2,1.6,0.1,35.3,1.8,1.0
05010,05 FRUITS,"Grapes, green, raw",0.95,302.0,71.0,80.7,0.6,0.1,16.0,2.0,0.6
05012,05 FRUITS,"Jackfruit, fruit, yellow-fleshed, peeled, raw",0.23,403.0,95.0,73.2,1.4,0.2,20.5,2.8,1.9
05014,05 FRUITS,"Lemon peel, raw",1.0,213.0,52.0,81.6,1.5,0.3,5.4,10.6,0.6
05016,05 FRUITS,"Lime, juice",1.0,125.0,30.0,90.3,0.7,0.2,4.3,4.1,0.4
05018,05 FRUITS,"Loquat, peeled, raw",0.75,214.0,51.0,84.6,0.62,0.2,9.5,4.51,0.7
05020,05 FRUITS,"Mango, unripe, raw",0.72,192.0,45.0,86.7,0.8,0.1,8.9,3.0,0.6
05022,05 FRUITS,"Orange, Juice",1.0,77.0,18.0,94.6,0.4,0.1,3.6,1.1,0.4
05024,05 FRUITS,"Papaya, yellow skin, peeled, raw",0.76,153.0,36.0,89.8,0.6,0.3,6.8,2.1,0.5
05026,05 FRUITS,"Passion Fruit, juice",1.0,408.0,96.0,75.5,0.8,0.1,22.9,0.2,0.5
05028,05 FRUITS,"Pear, unpeeled, raw",0.85,200.0,48.0,86.0,0.4,0.2,9.1,4.0,0.3
05030,05 FRUITS,"Pineapple, raw",0.68,172.0,41.0,88.6,0.48,0.2,8.1,2.3,0.3
05032,05 FRUITS,"Pomegranate, raw",0.57,312.0,74.0,78.1,1.6,0.2,13.3,6.4,0.4
05034,05 FRUITS,"Strawberry, raw",0.96,146.0,35.0,90.0,0.7,0.2,6.3,2.5,0.4
05036,05 FRUITS,"Tangerine, pulp, raw",0.75,218.0,52.0,86.2,0.87,0.2,10.8,1.5,0.4
05038,05 FRUITS,"Watermelon, fruit, green with white stripes, raw",0.64,112.0,26.0,92.9,0.6,0.3,5.0,0.93,0.3
06001,06 MILK AND DAIRY PRODUCTS,"Butter (cow milk), no added salt (~80-84% fat)",1.0,3020.0,735.0,17.2,1.1,81.3,0.0,0.0,0.7
06002,06 MILK AND DAIRY PRODUCTS,"Butter (cow milk), salted (~80% fat)",1.0,3040.0,739.0,15.3,1.1,81.3,0.6,0.0,1.7
06003,06 MILK AND DAIRY PRODUCTS,"Cheese, cheddar, regular fat",1.0,1660.0,401.0,37.0,26.0,32.8,0.4,0.0,3.8
06004,06 MILK AND DAIRY PRODUCTS,"Cheese, cottage (cow milk), plain, skimmed",1.0,382.0,91.0,79.0,13.3,2.5,3.8,0.0,1.5
06005,06 MILK AND DAIRY PRODUCTS,"Cheese, cottage (cow milk), plain, whole",1.0,508.0,121.0,75.4,15.4,5.7,2.1,0.0,1.4
06006,06 MILK AND DAIRY PRODUCTS,"Cheese, cottage, Milk, Cow, Sour",1.0,515.0,122.0,73.6,13.7,4.3,7.2,0.0,1.2
06007,06 MILK AND DAIRY PRODUCTS,"Cream, pure, 35% fat",1.0,943.0,229.0,72.0,2.4,23.6,1.7,0.0,0.3
06008,06 MILK AND DAIRY PRODUCTS,Ghee (cow milk),1.0,3690.0,898.0,0.0,0.3,99.9,0.0,0.0,0.5
06009,06 MILK AND DAIRY PRODUCTS,"Ice cream, caramel flavour, regular fat",1.0,856.0,205.0,61.4,3.7,10.6,23.6,0.0,0.7
06010,06 MILK AND DAIRY PRODUCTS,"Ice cream, chocolate flavour, regular fat",1.0,946.0,226.0,56.4,4.4,12.0,24.2,2.0,1.0
06011,06 MILK AND DAIRY PRODUCTS,"Ice cream, strawberry flavour, regular fat",1.0,842.0,201.0,60.7,3.5,9.5,25.2,0.5,0.7
06012,06 MILK AND DAIRY PRODUCTS,"Ice cream, vanilla flavour, regular fat",1.0,834.0,199.0,62.7,3.9,10.6,22.2,0.0,0.7
06013,06 MILK AND DAIRY PRODUCTS,"Ice cream, vanilla flavour, with nuts, regular fat",1.0,917.0,219.0,59.6,4.0,12.2,23.3,0.2,0.7
06014,06 MILK AND DAIRY PRODUCTS,"Milk, camel, whole, fresh, raw",1.0,219.0,52.0,89.8,2.2,2.8,4.5,0.0,0.7
06027,06 MILK AND DAIRY PRODUCTS,"Milk, camel, whole, fresh, boiled",1.0,257.0,62.0,88.0,2.6,3.3,5.3,0.0,0.8
06015,06 MILK AND DAIRY PRODUCTS,"Milk, cow, condensed, skimmed, sweetened, raw",1.0,1210.0,284.0,27.0,9.9,0.2,60.7,0.0,2.2
06016,06 MILK AND DAIRY PRODUCTS,"Milk, cow, condensed, whole, sweetened, raw",1.0,1410.0,335.0,25.8,8.3,9.2,54.8,0.0,1.9
06017,06 MILK AND DAIRY PRODUCTS,"Milk, cow, powder, skimmed",1.0,1530.0,361.0,4.1,37.2,0.9,51.0,0.0,6.8
06018,06 MILK AND DAIRY PRODUCTS,"Milk, cow, powder, whole",1.0,2070.0,495.0,3.2,26.1,26.4,38.4,0.0,6.0
06019,06 MILK AND DAIRY PRODUCTS,"Milk, cow, skimmed, raw",1.0,162.0,38.0,89.8,3.5,0.1,5.8,0.0,0.8
06028,06 MILK AND DAIRY PRODUCTS,"Milk, cow, skimmed, boiled",1.0,190.0,45.0,88.0,4.1,0.1,6.8,0.0,0.9
06020,06 MILK AND DAIRY PRODUCTS,"Milk, cow, whole, fermented (Lala - Industrial)",1.0,269.0,65.0,88.3,2.8,4.1,4.1,0.0,0.7
06022,06 MILK AND DAIRY PRODUCTS,"Milk, cow, whole, fresh, raw",1.0,292.0,70.0,86.3,3.3,3.5,6.1,0.0,0.7
06029,06 MILK AND DAIRY PRODUCTS,"Milk, cow, whole, fresh, boiled",1.0,344.0,82.0,83.8,3.9,4.2,7.2,0.0,0.9
06023,06 MILK AND DAIRY PRODUCTS,"Milk, goat, fluid, whole, raw",1.0,325.0,78.0,85.3,3.5,4.5,5.8,0.0,0.9
06030,06 MILK AND DAIRY PRODUCTS,"Milk, goat, fluid, whole, boiled",1.0,382.0,92.0,82.7,4.1,5.3,6.8,0.0,1.1
06024,06 MILK AND DAIRY PRODUCTS,"Milk, human/breast, mature, fluid",1.0,303.0,73.0,87.2,1.2,4.4,7.1,0.0,0.2
06025,06 MILK AND DAIRY PRODUCTS,"Milk, sheep, fluid, whole, raw",1.0,391.0,94.0,82.8,5.1,5.8,5.2,0.0,1.1
06031,06 MILK AND DAIRY PRODUCTS,"Milk, sheep, fluid, whole, boiled",1.0,459.0,110.0,79.8,6.0,6.8,6.2,0.0,1.2
06026,06 MILK AND DAIRY PRODUCTS,"Yoghurt, cow milk, whole, plain",1.0,356.0,85.0,82.0,2.9,3.1,11.3,0.0,0.7
07001,"07 MEAT, POULTRY AND EGGS","Beef, high fat, w/o bones, raw",0.85,1180.0,284.0,58.2,18.6,24.1,0.0,0.0,0.9
07031,"07 MEAT, POULTRY AND EGGS","Beef, high fat, w/o bones, boiled (without salt)",0.77,1670.0,402.0,39.7,31.1,30.8,0.0,0.0,1.4
07032,"07 MEAT, POULTRY AND EGGS","Beef, high fat, w/o bones, grilled (without salt and fat)",0.8,1480.0,356.0,47.4,25.9,28.0,0.0,0.0,1.2
07033,"07 MEAT, POULTRY AND EGGS","Beef, high fat, w/o bones, stewed (without salt)",0.78,1890.0,455.0,34.7,29.1,37.6,0.0,0.0,1.4
07002,"07 MEAT, POULTRY AND EGGS","Beef, lean, raw",0.9,439.0,104.0,75.6,20.6,2.3,0.4,0.0,1.2
07034,"07 MEAT, POULTRY AND EGGS","Beef, lean, boiled (without salt)",0.82,884.0,209.0,50.3,41.9,4.6,0.0,0.0,2.4
07035,"07 MEAT, POULTRY AND EGGS","Beef, lean, grilled (without salt and fat)",0.87,602.0,142.0,66.2,28.5,3.1,0.0,0.0,1.6
07036,"07 MEAT, POULTRY AND EGGS","Beef, lean, stewed (without salt)",0.83,817.0,194.0,54.0,38.8,4.3,0.0,0.0,2.2
07003,"07 MEAT, POULTRY AND EGGS","Beef, liver, raw",0.99,506.0,120.0,73.9,20.0,4.2,0.7,0.0,1.3
07037,"07 MEAT, POULTRY AND EGGS","Beef, liver, boiled (without salt)",0.99,749.0,178.0,60.4,30.2,6.4,0.0,0.0,2.0
07004,"07 MEAT, POULTRY AND EGGS","Beef, medium fat, w/o bones, raw",0.9,632.0,151.0,70.3,19.7,7.2,1.8,0.0,1.0
07038,"07 MEAT, POULTRY AND EGGS","Beef, medium fat, without bones, boiled (without salt)",0.84,829.0,197.0,55.2,32.8,7.4,0.0,0.0,1.7
07039,"07 MEAT, POULTRY AND EGGS","Beef, medium fat, without bones, grilled (without salt and fat)",0.87,734.0,175.0,61.5,27.3,7.3,0.0,0.0,1.4
07040,"07 MEAT, POULTRY AND EGGS","Beef, medium fat, without bones, stewed (without salt)",0.85,939.0,224.0,53.6,30.7,11.3,0.0,0.0,1.6
07005,"07 MEAT, POULTRY AND EGGS","Camel blood, raw",1.0,348.0,42.0,78.4,15.8,0.9,2.7,0.0,2.2
07006,"07 MEAT, POULTRY AND EGGS",Camel Meat,1.0,826.0,197.0,60.5,18.6,8.9,10.8,0.0,1.4
07007,"07 MEAT, POULTRY AND EGGS","Cow’s blood, raw",1.0,403.0,95.0,75.0,13.8,0.9,8.0,0.0,2.4
07008,"07 MEAT, POULTRY AND EGGS","Duck, meat and skin, fresh, raw",1.0,1050.0,253.0,62.2,17.8,21.2,0.0,0.0,1.1
07009,"07 MEAT, POULTRY AND EGGS","Chicken, unespecified part, w/o bone, meat&skin, raw",0.65,864.0,207.0,63.6,18.7,13.0,3.8,0.0,0.9
07041,"07 MEAT, POULTRY AND EGGS","Chicken, unspecified part, w/o bone, meat&skin, boiled (without salt)",0.79,942.0,226.0,55.7,23.7,14.6,0.0,0.0,1.2
07042,"07 MEAT, POULTRY AND EGGS","Chicken, unspecified part, w/o bone, meat&skin, grilled (without salt and fat)",0.78,951.0,228.0,55.2,24.0,14.7,0.0,0.0,1.2
07010,"07 MEAT, POULTRY AND EGGS","Egg, chicken, white (albumen), raw",0.56,206.0,48.0,87.2,11.2,0.0,0.9,0.0,0.7
07030,"07 MEAT, POULTRY AND EGGS","Egg, chicken, white (albumin), boiled (without salt)",0.56,206.0,48.0,87.2,11.2,0.0,1.0,0.0,0.7
07011,"07 MEAT, POULTRY AND EGGS","Egg, chicken, whole, raw",0.87,558.0,134.0,75.9,12.7,8.1,2.4,0.0,0.9
07027,"07 MEAT, POULTRY AND EGGS","Egg, chicken, whole, boiled (without salt)",0.87,558.0,134.0,75.9,12.7,8.1,2.0,0.0,0.9
07028,"07 MEAT, POULTRY AND EGGS","Egg, chicken, whole, poached (without salt)",1.0,634.0,152.0,72.6,14.4,9.2,3.0,0.0,1.0
07012,"07 MEAT, POULTRY AND EGGS","Egg, chicken, yolk, raw",0.31,1370.0,331.0,51.0,16.1,28.2,3.2,0.0,1.5
07029,"07 MEAT, POULTRY AND EGGS","Egg, chicken, yolk, boiled (without salt)",0.31,1370.0,331.0,51.0,16.1,28.2,3.0,0.0,1.5
07013,"07 MEAT, POULTRY AND EGGS","Goat blood, raw",1.0,290.0,69.0,86.4,3.8,3.9,4.9,0.0,1.1
07014,"07 MEAT, POULTRY AND EGGS","Goat, lean, raw",0.71,500.0,119.0,74.6,19.5,4.3,0.6,0.0,1.0
07043,"07 MEAT, POULTRY AND EGGS","Goat, lean, boiled (without salt)",0.62,731.0,174.0,62.0,29.1,6.4,0.0,0.0,1.6
07044,"07 MEAT, POULTRY AND EGGS","Goat, lean, grilled (without salt and fat)",0.63,710.0,169.0,63.1,28.3,6.2,0.0,0.0,1.5
07015,"07 MEAT, POULTRY AND EGGS","Goat liver, raw",0.99,485.0,115.0,74.8,20.2,3.9,0.0,0.0,1.3
07045,"07 MEAT, POULTRY AND EGGS","Goat, liver, boiled (without salt)",0.99,740.0,176.0,61.9,30.5,6.0,0.0,0.0,2.0
07016,"07 MEAT, POULTRY AND EGGS","Goat, medium fat, raw",0.74,695.0,166.0,68.2,18.6,8.6,3.5,0.0,1.0
07046,"07 MEAT, POULTRY AND EGGS","Goat, medium fat, boiled (without salt)",0.66,820.0,196.0,56.0,27.8,9.4,0.0,0.0,1.5
07047,"07 MEAT, POULTRY AND EGGS","Goat, medium fat, grilled (without salt and fat)",0.66,804.0,192.0,57.1,26.9,9.3,0.0,0.0,1.5
07017,"07 MEAT, POULTRY AND EGGS","Guinea fowl, meat, with skin",1.0,471.0,112.0,75.2,20.5,3.2,0.1,0.0,0.9
07018,"07 MEAT, POULTRY AND EGGS","Lamb liver, raw",1.0,675.0,161.0,67.6,20.4,7.5,3.1,0.0,1.5
07048,"07 MEAT, POULTRY AND EGGS","Lamb, liver, boiled (without salt)",1.0,811.0,193.0,54.5,30.8,7.8,0.0,0.0,2.3
07019,"07 MEAT, POULTRY AND EGGS","Lamb, raw (unspecified part)",1.0,1120.0,269.0,60.0,17.0,22.7,0.0,0.0,1.0
07049,"07 MEAT, POULTRY AND EGGS","Lamb, unspecified part, boiled (without salt)",1.0,1430.0,344.0,47.2,25.4,26.9,0.0,0.0,1.5
07050,"07 MEAT, POULTRY AND EGGS","Lamb, unspecified part, grilled (without salt and fat)",1.0,1400.0,338.0,48.3,24.6,26.6,0.0,0.0,1.4
07020,"07 MEAT, POULTRY AND EGGS","Pork, meat, raw (unspecified part)",1.0,1190.0,286.0,57.2,18.9,23.5,0.0,0.0,0.7
07051,"07 MEAT, POULTRY AND EGGS","Pork, meat, unspecified part, boiled (without salt)",1.0,1550.0,374.0,41.8,29.1,28.6,0.0,0.0,1.1
07052,"07 MEAT, POULTRY AND EGGS","Pork, meat, unspecified part, grilled (without salt and fat)",1.0,1480.0,356.0,44.9,27.0,27.6,0.0,0.0,1.0
07021,"07 MEAT, POULTRY AND EGGS","Rabbit meat, raw",1.0,636.0,151.0,67.0,24.4,4.8,2.5,0.0,1.3
07053,"07 MEAT, POULTRY AND EGGS","Rabbit meat, stewed (without salt)",1.0,872.0,207.0,51.4,35.8,7.1,0.0,0.0,2.0
07054,"07 MEAT, POULTRY AND EGGS","Rabbit meat, roasted (without salt and fat)",1.0,674.0,160.0,62.4,27.7,5.5,0.0,0.0,1.5
07022,"07 MEAT, POULTRY AND EGGS","Sausage, beef, raw",1.0,989.0,238.0,57.5,12.0,16.3,9.7,2.2,2.3
07055,"07 MEAT, POULTRY AND EGGS","Sausage, beef, grilled (without salt and fat)",1.0,927.0,223.0,48.1,16.1,17.0,0.0,3.0,3.0
07023,"07 MEAT, POULTRY AND EGGS","Sausage, frankfurters",1.0,1130.0,274.0,60.0,10.0,25.0,1.6,1.5,1.9
07056,"07 MEAT, POULTRY AND EGGS","Sausage, frankfurters, boiled (without salt)",1.0,1130.0,272.0,59.2,10.3,25.3,0.0,2.0,2.0
07024,"07 MEAT, POULTRY AND EGGS","Sausage, liver, raw",1.0,1330.0,322.0,52.0,13.0,28.5,3.4,0.0,3.1
07057,"07 MEAT, POULTRY AND EGGS","Sausage, liver, grilled (without salt and fat)",1.0,1530.0,369.0,40.7,17.3,33.3,0.0,0.0,4.1
07025,"07 MEAT, POULTRY AND EGGS","Sausage, pork, raw",1.0,1420.0,343.0,51.0,11.5,32.0,1.7,1.3,2.5
07058,"07 MEAT, POULTRY AND EGGS","Sausage, pork, boiled (without salt)",1.0,1470.0,355.0,48.0,12.5,33.6,0.0,1.0,2.7
07059,"07 MEAT, POULTRY AND EGGS","Sausage, pork, grilled (without salt and fat)",1.0,1730.0,419.0,37.4,16.0,39.0,0.0,2.0,3.5
07026,"07 MEAT, POULTRY AND EGGS","Quail, flesh & skin, raw",0.54,729.0,175.0,69.7,19.1,11.5,0.0,0.0,1.0
08015,08 FISH AND SEA FOOD,"Cod, fillet, steamed (without salt)",0.28,380.0,90.0,77.5,20.7,0.7,0.0,0.0,1.5
08017,08 FISH AND SEA FOOD,"Cod, fillet, boiled in recipe (without salt and fat)",0.28,380.0,90.0,77.5,20.7,0.7,0.0,0.0,1.5
08018,08 FISH AND SEA FOOD,"Dagaa fish (omena), dried, stewed (without salt)",1.0,638.0,152.0,59.6,27.0,4.8,0.0,0.0,4.5
08003,08 FISH AND SEA FOOD,"Eel, raw",0.67,733.0,176.0,69.6,17.7,11.7,0.0,0.0,1.41
08019,08 FISH AND SEA FOOD,"Eel, steamed (without salt)",0.63,830.0,199.0,64.8,21.3,12.6,0.0,0.0,1.7
08020,08 FISH AND SEA FOOD,"Eel, grilled (without salt and fat)",0.61,874.0,210.0,62.6,23.0,13.1,0.0,0.0,1.8
08021,08 FISH AND SEA FOOD,"Eel, boiled in recipe (without salt and fat)",0.63,883.0,212.0,63.4,21.3,14.0,0.0,0.0,1.7
08004,08 FISH AND SEA FOOD,"Herring stock, raw",0.5,480.0,114.0,70.8,18.9,4.3,0.0,0.0,2.6
08022,08 FISH AND SEA FOOD,"Herring stock, steamed (without salt)",0.45,578.0,137.0,64.9,22.7,5.2,0.0,0.0,3.1
08023,08 FISH AND SEA FOOD,"Herring stock, grilled (without salt)",0.44,623.0,148.0,62.1,24.5,5.6,0.0,0.0,3.4
08024,08 FISH AND SEA FOOD,"Herring stock, boiled in recipe (without salt and fat)",0.45,578.0,137.0,64.9,22.7,5.2,0.0,0.0,3.1
08025,08 FISH AND SEA FOOD,"Lungfish, fillet, steamed (without salt)",0.89,371.0,88.0,76.5,19.1,1.2,0.0,0.0,1.3
08026,08 FISH AND SEA FOOD,"Lungfish, fillet, grilled (without salt and fat)",0.89,400.0,94.0,74.7,20.6,1.3,0.0,0.0,1.4
08006,08 FISH AND SEA FOOD,"Mudfish (kamongo), fillet, raw",0.4,431.0,102.0,78.3,17.8,3.5,0.0,0.0,1.2
08029,08 FISH AND SEA FOOD,"Mudfish (kamongo), fillet, grilled (without salt and fat)",0.34,560.0,133.0,71.8,23.2,4.5,0.0,0.0,1.5
08007,08 FISH AND SEA FOOD,"Mackerel, raw",0.62,534.0,127.0,76.8,18.7,5.9,0.0,0.0,1.3
08009,08 FISH AND SEA FOOD,"Nile perch, fillet w/o bones, raw",0.69,356.0,84.0,77.37,19.0,0.9,0.0,0.0,1.2
08011,08 FISH AND SEA FOOD,"Prawns, flesh, raw",0.51,419.0,99.0,75.1,18.4,1.1,3.9,0.0,1.6
08032,08 FISH AND SEA FOOD,"Prawns, fresh, grilled (without salt and fat)",0.47,487.0,115.0,71.0,21.4,1.3,4.0,0.0,1.9
08012,08 FISH AND SEA FOOD,"Sardine, flesh, raw",0.6,605.0,145.0,71.2,19.5,7.4,0.0,0.0,2.1
08034,08 FISH AND SEA FOOD,"Sardine, fresh, steamed (without salt)",0.56,666.0,159.0,67.4,23.0,7.4,0.0,0.0,2.5
08035,08 FISH AND SEA FOOD,"Sardine, fresh, grilled (without salt and fat)",0.52,733.0,175.0,63.2,26.8,7.5,0.0,0.0,2.9
08036,08 FISH AND SEA FOOD,"Sardine, fresh, boiled in recipe (without salt and fat)",0.56,712.0,170.0,66.2,23.0,8.7,0.0,0.0,2.5
08013,08 FISH AND SEA FOOD,"Shark, raw",0.67,398.0,94.0,74.4,21.6,0.8,0.0,0.0,1.1
08037,08 FISH AND SEA FOOD,"Shark, steamed (without salt)",0.63,479.0,113.0,69.2,26.0,1.0,0.0,0.0,1.4
08038,08 FISH AND SEA FOOD,"Shark, grilled (without salt and fat)",0.61,517.0,122.0,66.8,28.1,1.1,0.0,0.0,1.5
08039,08 FISH AND SEA FOOD,"Shark, boiled in recipe (without salt and fat)",0.63,479.0,113.0,69.2,26.0,1.0,0.0,0.0,1.4
08014,08 FISH AND SEA FOOD,"Tuna, raw",0.58,500.0,118.0,68.9,25.0,2.0,0.0,0.0,1.5
08040,08 FISH AND SEA FOOD,"Tuna, steamed (without salt)",0.52,625.0,148.0,61.1,31.2,2.5,0.0,0.0,1.8
08041,08 FISH AND SEA FOOD,"Tuna, grilled (without salt and fat)",0.51,675.0,160.0,57.9,33.8,2.7,0.0,0.0,2.0
08042,08 FISH AND SEA FOOD,"Tuna, boiled in recipe (without salt and fat)",0.52,625.0,148.0,61.1,31.2,2.5,0.0,0.0,1.8
09002,09 OILS AND FAT,Corn oil,1.0,3700.0,900.0,0.0,0.0,99.9,0.1,0.0,0.0
09004,09 OILS AND FAT,"Margarine,20% fat",1.0,728.0,177.0,78.8,0.0,19.5,0.4,0.0,1.3
09006,09 OILS AND FAT,"Margarine,80% fat",1.0,3070.0,748.0,15.0,0.1,83.0,0.0,0.0,1.9
09008,09 OILS AND FAT,Olive oil,1.0,3700.0,900.0,0.0,0.0,100.0,0.0,0.0,0.0
09010,09 OILS AND FAT,Red palm oil,1.0,3660.0,891.0,1.0,0.0,99.0,0.0,0.0,0.1
09012,09 OILS AND FAT,Soya bean oil,1.0,3700.0,900.0,0.0,0.0,100.0,0.0,0.0,0.0
10002,10 NUTS AND SEEDS,"Coconut, fresh, mature fruit, flesh",0.48,1740.0,423.0,37.1,4.4,39.0,8.5,10.1,1.0
10004,10 NUTS AND SEEDS,"Coconut meat, dried (desiccated)",1.0,2730.0,663.0,4.3,6.7,63.7,7.6,16.1,1.6
10006,10 NUTS AND SEEDS,"Mustard Seeds, Dry, Raw",1.0,2160.0,522.0,8.2,18.8,39.7,15.5,13.7,4.2
10008,10 NUTS AND SEEDS,"Nut, cashew, dry, raw, unsalted",1.0,2470.0,595.0,5.9,16.5,48.0,21.5,5.8,2.3
10010,10 NUTS AND SEEDS,"Nut, macadamia, raw, unsalted",0.27,2860.0,696.0,,7.7,6.8,70.9,2.0,11.2
10012,10 NUTS AND SEEDS,Peanut Butter,1.0,2450.0,593.0,5.9,20.1,48.4,15.0,8.3,2.3
10014,10 NUTS AND SEEDS,"Seed, sesame (sim sim) unsalted, dry, raw",1.0,2490.0,602.0,4.9,15.3,54.1,6.4,14.3,5.0
10016,10 NUTS AND SEEDS,"Water Melon, Seed Kernel, Dry, Raw",1.0,2450.0,590.0,,5.0,30.0,47.5,7.6,6.0
11002,11 SUGAR AND SWEETENED PRODUCTS,"Sugarcane, Juice, Raw",1.0,159.0,37.0,90.2,0.1,0.2,8.5,0.6,0.4
12002,12 BEVERAGES,"Coconut, fresh, water",1.0,98.0,23.0,93.9,0.8,0.1,4.8,0.0,0.4
12004,12 BEVERAGES,"Drinking chocolate, powder",1.0,2260.0,541.0,1.0,4.4,30.9,60.4,2.0,1.4
12006,12 BEVERAGES,"Water, tap",1.0,0.0,0.0,99.95,0.0,0.0,0.0,0.0,0.05
12007,12 BEVERAGES,"Wine, Red",1.0,306.0,74.0,88.4,0.2,0.0,1.8,0.0,0.3
12008,12 BEVERAGES,"Wine, White, Dry",1.0,313.0,76.0,88.7,0.1,0.0,0.7,0.0,0.2
12009,12 BEVERAGES,"Wine, White, Sweet",1.0,391.0,94.0,84.0,0.2,0.0,5.4,0.0,0.2
13002,13 CONDIMENTS AND SPICES,"Baking powder, dry powder",1.0,760.0,179.0,4.9,0.1,0.2,43.9,0.8,50.2
13004,13 CONDIMENTS AND SPICES,"Bay leaf, dried",1.0,1480.0,353.0,5.4,7.6,8.4,48.7,26.3,3.6
13006,13 CONDIMENTS AND SPICES,"Chilli, fresh, raw",0.9,188.0,45.0,85.7,1.2,0.4,6.9,4.8,1.2
13008,13 CONDIMENTS AND SPICES,"Cinnamon, dried, ground",1.0,1010.0,244.0,13.1,2.8,2.6,26.3,52.3,2.9
13010,13 CONDIMENTS AND SPICES,"Coconut, Milk",1.0,579.0,140.0,82.4,1.0,14.3,1.8,0.3,0.3
13012,13 CONDIMENTS AND SPICES,"Coriander seed, dried, ground",1.0,1430.0,347.0,10.7,13.4,18.8,10.1,41.7,5.3
13014,13 CONDIMENTS AND SPICES,"Curry leaves, fresh, raw",0.83,355.0,86.0,66.9,7.7,1.3,2.5,16.8,4.9
13016,13 CONDIMENTS AND SPICES,"Fenugreek leaves, fresh, raw",0.44,158.0,38.0,87.3,4.4,0.2,2.2,4.9,1.0
13018,13 CONDIMENTS AND SPICES,Garam masala,1.0,1530.0,368.0,10.1,15.6,15.1,31.0,22.6,5.6
13020,13 CONDIMENTS AND SPICES,"Ginger, dried, ground",0.85,1400.0,332.0,9.9,6.9,4.5,59.4,12.9,6.3
13022,13 CONDIMENTS AND SPICES,"Mint Leaves, fresh, raw",0.45,182.0,44.0,84.9,4.8,1.1,0.1,7.2,1.9
13024,13 CONDIMENTS AND SPICES,"Onion, spring, raw",0.78,130.0,31.0,90.8,1.8,0.3,4.1,2.3,0.7
13026,13 CONDIMENTS AND SPICES,"Pepper, ground, black, dry, raw",1.0,1250.0,297.0,11.8,10.3,2.7,44.7,26.3,4.3
13028,13 CONDIMENTS AND SPICES,"Spice, mixed or all spice",1.0,1490.0,360.0,8.5,9.4,16.3,26.3,35.8,3.8
13030,13 CONDIMENTS AND SPICES,"Tamarind, fruit, fresh, raw",,1260.0,298.0,20.8,2.0,0.2,69.5,5.3,2.2
13032,13 CONDIMENTS AND SPICES,"Tomato, paste, with added salt",1.0,329.0,78.0,76.2,3.2,0.3,13.6,4.1,3.0
13034,13 CONDIMENTS AND SPICES,"Turmeric, dried, ground",1.0,1260.0,300.0,13.7,6.3,3.1,51.7,20.0,5.2
14002,14 INSECTS,"Grasshopper, Green, Fresh, Raw",1.0,872.0,210.0,66.3,14.5,16.3,0.7,1.3,0.9
14004,14 INSECTS,"Termite, Fresh, Raw",1.0,1530.0,367.0,36.8,30.9,27.0,0.0,2.7,3.8
15002,15 MIXED DISHES,"Sorghum, Finger Millet and Maize Porridge",174.0,41.0,89.8,1.3,0.9,6.3,1.3,0.4,
15004,15 MIXED DISHES,Mahamri (Swahili Doughnuts),1730.0,413.0,22.8,6.0,22.1,46.6,2.1,0.4,
15006,15 MIXED DISHES,Maize and Finger Millet Flour Ugali,562.0,133.0,64.0,3.1,1.3,24.0,6.6,1.0,
15008,15 MIXED DISHES,Cassava and Red Sorghum Ugali,489.0,116.0,69.6,2.1,0.8,23.4,3.4,0.7,
15010,15 MIXED DISHES,"Sorghum, Maize flour & Finger Millet Ugali",634.0,150.0,61.0,1.9,0.7,32.1,3.6,0.7,
15012,15 MIXED DISHES,"Cassava, Millet & Sorghum Porridge",194.0,46.0,87.9,0.5,0.1,10.2,1.0,0.3,
15014,15 MIXED DISHES,Finger Millet Porridge (Uji wa Wimbi),168.0,40.0,88.8,0.7,0.2,7.8,2.1,0.4,
15016,15 MIXED DISHES,Rice Flour Porridge (Uji wa Mchele),235.0,56.0,87.5,0.6,1.3,10.2,0.2,0.1,
15018,15 MIXED DISHES,“Busara” (Whole Maize and Finger Millet Porridge),170.0,40.0,88.6,1.0,0.3,7.3,2.5,0.4,
15020,15 MIXED DISHES,Brown Chapati,1720.0,413.0,20.5,7.3,22.9,40.9,7.2,1.2,
15022,15 MIXED DISHES,Fried Egg (Mayai ya Kukaangwa),926.0,223.0,64.2,13.1,17.9,2.5,0.0,2.4,
15024,15 MIXED DISHES,Spanish Omelette,667.0,161.0,74.0,7.5,12.9,3.2,0.8,1.6,
15026,15 MIXED DISHES,Vegetable Samosa (Sambusa ya Mboga),1360.0,325.0,30.2,8.5,13.1,40.2,6.2,1.7,
15028,15 MIXED DISHES,Tosti Mayai (Egg Toast),1180.0,280.0,40.3,12.5,10.7,32.4,1.9,2.1,
15030,15 MIXED DISHES,“Terere” (Stir fried amaranth leaves),342.0,83.0,80.6,3.0,5.3,2.9,5.5,2.7,
15032,15 MIXED DISHES,Stir-fried Cabbage,411.0,100.0,82.7,1.2,8.6,3.1,2.4,1.9,
15034,15 MIXED DISHES,Pumpkin Leaves,410.0,99.0,80.8,3.2,6.7,5.5,1.5,2.3,
15036,15 MIXED DISHES,Pilau (Spiced Rice),895.0,213.0,56.3,6.9,9.4,24.8,1.1,1.5,
15038,15 MIXED DISHES,Mseto wa Maharagwe (Add Rice with Beans),807.0,193.0,58.2,5.0,7.9,23.5,3.8,1.7,
15040,15 MIXED DISHES,"Fiqe (Red Sorghum, Beans and Teff Flour)",807.0,192.0,52.5,7.2,5.8,24.2,7.4,2.9,
15042,15 MIXED DISHES,Qita (Maize and Wheat flour pancake),1020.0,241.0,44.3,5.1,5.6,41.2,2.8,0.9,
15044,15 MIXED DISHES,Mchuzi wa ndengu (Green Gram Stew),454.0,109.0,74.4,6.3,4.2,9.3,4.0,1.7,
15046,15 MIXED DISHES,Mchuzi wa Ndengu Kamande (Lentil Stew),455.0,108.0,72.8,7.1,3.0,11.1,4.5,1.6,
15048,15 MIXED DISHES,Mbuboyi (Blood Cooked in Fresh Milk),410.0,97.0,76.2,11.5,2.0,8.3,0.0,2.0,
15051,15 MIXED DISHES,"Ugali (Cassava, Fingermillet and Sorghum Flour Ugali)",613.0,145.0,61.3,2.0,0.6,30.7,4.3,1.1,
15053,15 MIXED DISHES,Githeri (stewed Maize & Beans),661.0,157.0,60.4,6.7,4.2,19.7,7.2,1.8,
15055,15 MIXED DISHES,Githeri (Sauteed Fresh Maize and beans),773.0,185.0,55.3,6.9,7.2,17.8,10.5,2.2,
15058,15 MIXED DISHES,Stewed Potatoes & Arrowroots,380.0,90.0,78.0,1.9,2.1,15.0,1.8,1.2,
15060,15 MIXED DISHES,Githeri (Fresh beans and Maize),751.0,180.0,57.0,7.8,7.6,15.1,10.4,2.2,
15062,15 MIXED DISHES,Mukimo wa Njahi (Raw & Ripe Bananas),636.0,151.0,57.7,6.4,0.6,26.6,6.5,2.2,
15064,15 MIXED DISHES,Vimumunya vya Chumvi (Pumpkin & Coconut Milk),297.0,72.0,85.8,1.3,4.9,4.6,1.9,1.5,
15066,15 MIXED DISHES,Biryani rice,641.0,152.0,65.3,2.7,3.2,27.9,0.3,0.6,
15067,15 MIXED DISHES,Vimumunya vya Sukari (Sweetened Pumpkin & Coconut Milk),390.0,93.0,79.0,1.1,3.0,14.5,1.8,0.6,
15068,15 MIXED DISHES,Wukunu (Sweet potatoes & Dehulled Black Beans),396.0,94.0,73.0,4.1,0.6,15.8,4.6,1.9,
15069,15 MIXED DISHES,Mushenye (Green Maize and Sweet Potatoes),641.0,153.0,60.4,7.1,4.1,17.6,8.6,2.1,
15070,15 MIXED DISHES,Ingokho (Stewed Chicken),883.0,211.0,59.7,18.3,12.3,6.4,1.1,2.3,
15071,15 MIXED DISHES,Malesele (Cow Blood with Sour Milk),1400.0,335.0,37.5,20.0,21.2,15.4,1.0,4.9,
15072,15 MIXED DISHES,Tsiswa (Stewed termites),2140.0,515.0,10.5,31.6,38.8,7.3,5.1,6.8,
15073,15 MIXED DISHES,Ingokho (Fried Chicken),2220.0,532.0,6.8,44.6,35.3,9.1,0.0,4.3,
15074,15 MIXED DISHES,Wali wa Kuchemshwa (Boiled Rice),584.0,138.0,67.1,2.7,2.0,27.2,0.2,0.7,
15075,15 MIXED DISHES,Wali wa Yasmin (Onion Fried Rice),779.0,185.0,58.9,3.2,5.1,31.2,0.6,1.0,
15076,15 MIXED DISHES,Stir-fried Spinach,307.0,74.0,84.4,2.8,5.4,2.0,3.3,2.1,
15077,15 MIXED DISHES,Thabai / Thaa (Stinging Nettle Leaves),143.0,34.0,92.3,1.2,2.4,1.9,0.6,1.8,
15078,15 MIXED DISHES,Rhikhuvi (Stewed Cowpea Leaves),630.0,152.0,74.1,3.2,13.3,3.5,3.2,2.8,
15079,15 MIXED DISHES,Kunde and Mrenda (Stewed Cowpeas and Jute Mallow leaves),238.0,57.0,83.5,3.7,2.0,4.4,3.3,3.1,
15080,15 MIXED DISHES,Obwoba (Stewed Mushrooms in Peanut Butter),487.0,117.0,73.3,4.9,6.3,8.3,3.8,3.4,
15081,15 MIXED DISHES,Chai ya Maziwa (Mixed Tea),153.0,36.0,92.1,1.1,1.2,5.4,0.0,0.3,
15083,15 MIXED DISHES,Kimanga cha Ndizi (Smoked Green Bananas and Kidney Beans),614.0,146.0,57.7,6.5,0.9,24.1,7.7,3.1,
15085,15 MIXED DISHES,Ndoto (Sauteed Red Kidney Beans & Red Sorghum),806.0,193.0,56.4,5.7,7.9,21.3,7.0,1.9,
15087,15 MIXED DISHES,Beef Stew,756.0,181.0,65.7,17.7,10.4,3.8,0.8,1.7,
15089,15 MIXED DISHES,Osarge Ogkole (Fresh blood and Fresh milk),340.0,81.0,82.5,6.1,3.1,7.0,0.0,1.2,
15091,15 MIXED DISHES,Kitojo (Sweet Potato Leaves),596.0,144.0,74.6,3.9,12.7,1.4,4.6,2.9,
15093,15 MIXED DISHES,Nchenga/ Nzenga (Crushed Maize),542.0,129.0,69.5,2.2,3.9,20.3,1.8,2.2,
15095,15 MIXED DISHES,Likhanga (Stewed Guinea Fowl),642.0,154.0,69.7,15.8,9.0,2.0,0.7,2.7,
15097,15 MIXED DISHES,Stewed Green Bananas,350.0,84.0,81.8,1.0,3.8,10.4,2.2,0.8,
15099,15 MIXED DISHES,Stir Fried Goat Meat,1600.0,383.0,30.2,32.1,23.3,10.4,1.7,2.3,
15101,15 MIXED DISHES,Omena wa Kukaangwa (Fried Omena),1860.0,450.0,32.8,19.2,39.3,4.6,0.8,3.4,
15103,15 MIXED DISHES,Mashed Potatoes,449.0,106.0,71.0,2.5,0.2,22.8,1.7,1.8,
15105,15 MIXED DISHES,Enriched Mashed Potatoes,591.0,141.0,70.4,2.0,6.2,18.6,1.4,1.4,
15107,15 MIXED DISHES,Stewed Nile Perch,522.0,125.0,74.0,14.3,6.3,2.5,0.5,2.4,
15110,15 MIXED DISHES,Potato Chips,1370.0,326.0,32.1,4.8,13.6,44.4,3.3,1.9,
15112,15 MIXED DISHES,Arrowroot Stew,383.0,91.0,77.8,1.9,2.3,14.9,1.8,1.4,
15114,15 MIXED DISHES,Black Bean Stew (Dolichos/ Njahi Stew),261.0,62.0,83.6,3.6,1.3,7.7,2.8,1.1,
15116,15 MIXED DISHES,Mcheleng (Rice with Milk),741.0,176.0,61.5,3.9,5.7,27.2,0.2,1.4,
15118,15 MIXED DISHES,Nyenyi (Mashed Pigeon Peas & Green Maize),524.0,125.0,66.4,4.9,2.3,17.8,6.5,2.0,
15120,15 MIXED DISHES,Mashed Pumpkin and Black Nightshade Leaves,277.0,67.0,80.8,3.8,2.4,4.9,5.1,3.0,
15122,15 MIXED DISHES,Oatmeal,351.0,83.0,78.3,2.4,1.7,12.9,3.5,1.2,
15124,15 MIXED DISHES,Enriched Mandazi (East African Doughnuts; Enriched),1590.0,379.0,23.5,7.6,16.1,49.9,2.2,0.8,
15126,15 MIXED DISHES,Stewed Split Dal,291.0,69.0,81.8,3.7,1.9,8.1,2.7,1.9,
15128,15 MIXED DISHES,Peas and Brinjal Curry,544.0,131.0,72.5,4.2,8.5,6.6,5.8,2.4,
15130,15 MIXED DISHES,Rotli (Indian Chapati),1560.0,374.0,21.6,8.0,16.7,43.8,7.9,2.0,
15132,15 MIXED DISHES,Chaas (Diluted Yoghurt),252.0,60.0,86.6,2.0,2.2,8.0,0.0,1.1,
15134,15 MIXED DISHES,Minced Meat Balls,659.0,157.0,65.9,8.1,5.4,18.6,0.8,1.3,
15137,15 MIXED DISHES,Okra Meat Dish,394.0,94.0,80.1,8.2,5.1,3.2,1.3,2.1,
15139,15 MIXED DISHES,Chick Peas Curry,524.0,126.0,69.2,6.0,5.1,10.3,7.3,2.1,
15141,15 MIXED DISHES,Pumpkins with Peanut Butter,359.0,86.0,82.7,2.6,5.5,5.4,2.6,1.3,
