food_code,food_group,food_name,vit_a_rae_mcg,vit_a_re_mcg,retinol_mcg,beta_carotene_mcg,thiamin_mg,riboflavin_mg,niacin_mg,folate_dfe_mcg,food_folate_mcg,vit_b12_mcg,vit_c_mg
01046,01 CEREALS AND CEREAL PRODUCTS,"Amaranth, whole, grain, dry, stewed (without salt)",0.0,0.0,0.0,0.0,0.02,0.07,0.2,22.0,22.0,0.0,0.0
01003,01 CEREALS AND CEREAL PRODUCTS,"Biscuit, Savoury",8.0,10.0,7.0,15.0,0.16,0.06,1.3,21.0,21.0,0.0,3.0
01005,01 CEREALS AND CEREAL PRODUCTS,"Bread, Brown",0.0,0.0,0.0,0.0,0.22,0.01,3.4,37.0,37.0,0.05,0.0
01007,01 CEREALS AND CEREAL PRODUCTS,"Bread, White",0.0,0.0,0.0,0.0,0.16,0.06,3.8,28.0,28.0,0.07,0.0
01009,01 CEREALS AND CEREAL PRODUCTS,"Breakfast cereal, flakes of corn",10.0,21.0,0.0,125.0,0.0,0.08,0.8,4.0,4.0,0.0,0.0
01011,01 CEREALS AND CEREAL PRODUCTS,"Buns, Currant",0.0,0.0,0.0,1.0,0.2,0.03,2.1,12.0,12.0,0.0,0.0
01013,01 CEREALS AND CEREAL PRODUCTS,"Cake, Fruit",8.0,12.0,5.0,41.0,0.1,0.1,0.2,0.0,0.0,0.2,0.0
01015,01 CEREALS AND CEREAL PRODUCTS,"Cake, Sponge, without fat",73.0,73.0,73.0,0.0,0.1,0.25,0.5,16.0,16.0,1.6,0.0
01017,01 CEREALS AND CEREAL PRODUCTS,"Cornflour, from maize starch",0.0,0.0,0.0,0.0,0.02,0.0,0.2,1.0,1.0,0.0,0.0
01047,01 CEREALS AND CEREAL PRODUCTS,"Maize, grain, white variety, whole, dry, boiled, drained (without salt)",0.0,0.0,0.0,0.0,0.04,0.02,0.5,16.0,16.0,0.0,0.0
01019,01 CEREALS AND CEREAL PRODUCTS,"Maize, grain, yellow variety, whole, dry, raw",20.0,40.0,0.0,241.0,0.5,0.12,2.2,33.0,33.0,0.0,0.0
01050,01 CEREALS AND CEREAL PRODUCTS,"Maize, grain, yellow variety, whole, dry, boiled (without salt, water included)",4.0,9.0,0.0,53.0,0.09,0.03,0.5,6.0,6.0,0.0,0.0
01021,01 CEREALS AND CEREAL PRODUCTS,"Maize, White, Degermed (Muthokoi)",0.0,0.0,0.0,1.5,0.12,0.01,0.5,10.0,10.0,0.0,0.0
01023,01 CEREALS AND CEREAL PRODUCTS,"Green Maize, white, whole, grain, fresh, raw",8.0,16.0,0.0,98.0,0.18,0.1,1.55,78.0,78.0,0.0,0.9
01052,01 CEREALS AND CEREAL PRODUCTS,"Green Maize, white, whole, grain, fresh, stewed (without salt)",10.0,20.0,0.0,121.0,0.17,0.13,1.9,81.0,81.0,0.0,1.0
01025,01 CEREALS AND CEREAL PRODUCTS,"Millet, bulrush, grain, dry, raw",2.0,5.0,0.0,28.0,0.27,0.17,1.5,162.0,162.0,0.0,3.0
01054,01 CEREALS AND CEREAL PRODUCTS,"Millet, bulrush, grain, dry, stewed (without salt)",1.0,2.0,0.0,11.0,0.08,0.07,0.6,54.0,54.0,0.0,1.0
01027,01 CEREALS AND CEREAL PRODUCTS,"Millet, Finger, Grain, Dried, Raw",0.0,0.0,0.0,2.0,0.19,0.04,4.6,93.0,93.0,0.0,0.0
01029,01 CEREALS AND CEREAL PRODUCTS,"Oat bran, unprocessed, uncooked",0.0,0.0,0.0,0.0,0.76,0.14,0.8,33.0,33.0,0.0,0.0
01065,01 CEREALS AND CEREAL PRODUCTS,"Pasta, macaroni, plain, dry, imported, boiled, drained (without salt)",0.0,0.0,0.0,0.0,0.03,0.01,0.4,5.0,5.0,0.0,0.0
01031,01 CEREALS AND CEREAL PRODUCTS,"Pasta, spaghetti, dried, raw-imported",0.0,0.0,0.0,0.0,0.07,0.06,1.1,16.0,16.0,0.0,0.0
01064,01 CEREALS AND CEREAL PRODUCTS,"Pasta, spaghetti, dry, inported, boiled in recipe (without salt)",0.0,0.0,0.0,0.0,0.02,0.02,0.3,4.0,4.0,0.0,0.0
01033,01 CEREALS AND CEREAL PRODUCTS,"Rice, parboiled, raw",0.0,0.0,0.0,0.0,0.25,0.02,2.5,10.0,10.0,0.0,0.0
01034,01 CEREALS AND CEREAL PRODUCTS,"Rice, white, milled, polished grain, dry, raw",0.0,0.0,0.0,0.0,0.07,0.11,1.1,9.0,9.0,0.0,0.0
01035,01 CEREALS AND CEREAL PRODUCTS,"Semolina, raw",0.0,0.0,0.0,2.0,0.12,0.05,1.9,57.0,57.0,0.0,0.0
01037,01 CEREALS AND CEREAL PRODUCTS,"Sorghum, Grain, Red, Dried, Raw",0.0,1.0,0.0,4.0,0.24,0.11,3.3,64.0,64.0,0.0,0.0
01058,01 CEREALS AND CEREAL PRODUCTS,"Sorghum, grain, red, dry, stewed (without salt)",0.0,0.0,0.0,2.0,0.08,0.05,1.3,21.0,21.0,0.0,0.0
01039,01 CEREALS AND CEREAL PRODUCTS,"Sorghum, grain, white, dry, raw",1.0,3.0,0.0,17.0,0.24,0.11,3.3,64.0,64.0,0.0,0.0
01056,01 CEREALS AND CEREAL PRODUCTS,"Sorghum, grain, white, dry, stewed (without salt)",1.0,1.0,0.0,7.0,0.08,0.05,1.3,21.0,21.0,0.0,0.0
01041,01 CEREALS AND CEREAL PRODUCTS,"Teff, raw",0.0,1.0,0.0,5.0,0.39,0.27,3.4,166.0,166.0,0.0,3.0
01043,01 CEREALS AND CEREAL PRODUCTS,"Wheat Flour (refined/fortified/sifted packaged), raw",93.0,93.0,93.0,2.0,0.91,0.57,5.9,,42.0,0.7,0.0
01045,01 CEREALS AND CEREAL PRODUCTS,"Wheat, whole, grain, dry, raw",0.0,1.0,0.0,5.0,0.39,0.13,2.7,57.0,57.0,0.0,0.0
01062,01 CEREALS AND CEREAL PRODUCTS,"Wheat, whole, grain, dry, stewed (without salt)",0.0,0.0,0.0,3.0,0.16,0.07,1.4,26.0,26.0,0.0,0.0
02002,"02 STARCHY ROOTS, TUBERS AND BANANAS","Arrowroot, peeled, raw",1.0,3.0,0.0,17.0,0.22,0.09,2.56,0.0,0.0,0.0,2.0
02003,"02 STARCHY ROOTS, TUBERS AND BANANAS","Banana, BITA 3, dried, flour",13.0,25.0,0.0,151.0,0.18,0.24,2.8,14.0,14.0,0.0,7.1
02004,"02 STARCHY ROOTS, TUBERS AND BANANAS","Banana, plantain, green, raw",0.0,1.0,0.0,3.0,0.06,0.04,0.33,19.0,19.0,0.0,23.3
02005,"02 STARCHY ROOTS, TUBERS AND BANANAS","Beet root, peeled, raw",1.0,2.0,0.0,10.0,0.01,0.02,0.3,110.0,110.0,0.0,5.3
02021,"02 STARCHY ROOTS, TUBERS AND BANANAS","Beet root, peeled, boiled, drained (without salt)",1.0,1.0,0.0,7.0,0.01,0.01,0.2,56.0,56.0,0.0,2.0
02022,"02 STARCHY ROOTS, TUBERS AND BANANAS","Beet root, peeled, stewed (without salt)",1.0,1.0,0.0,6.0,0.01,0.01,0.3,73.0,73.0,0.0,4.0
02007,"02 STARCHY ROOTS, TUBERS AND BANANAS","Cassava, root, white, peeled, raw",1.0,1.0,0.0,8.0,0.23,0.01,0.4,27.0,27.0,0.0,38.0
02023,"02 STARCHY ROOTS, TUBERS AND BANANAS","Cassava, root, white, peeled, boiled, drained (without salt)",1.0,1.0,0.0,6.0,0.15,0.01,0.3,15.0,15.0,0.0,23.0
02008,"02 STARCHY ROOTS, TUBERS AND BANANAS","Cassava, root, yellow, peeled, raw",61.0,122.0,0.0,730.0,0.09,0.03,0.8,27.0,27.0,0.0,41.0
02024,"02 STARCHY ROOTS, TUBERS AND BANANAS","Cassava, root, yellow, peeled, boiled, drained (without salt)",49.0,99.0,0.0,593.0,0.06,0.02,0.5,15.0,15.0,0.0,25.0
02009,"02 STARCHY ROOTS, TUBERS AND BANANAS","Potato, Irish (English), white variety, peeled, raw",0.0,0.0,0.0,0.0,0.07,0.04,1.2,53.0,53.0,0.0,6.6
02025,"02 STARCHY ROOTS, TUBERS AND BANANAS","Potato, Irish (English), white variety, peeled, boiled, drained (without salt)",0.0,0.0,0.0,0.0,0.05,0.03,0.9,34.0,34.0,0.0,5.0
02026,"02 STARCHY ROOTS, TUBERS AND BANANAS","Potato, Irish (English), white variety, peeled, steamed (without salt)",0.0,0.0,0.0,0.0,0.06,0.04,1.1,33.0,33.0,0.0,5.0
02010,"02 STARCHY ROOTS, TUBERS AND BANANAS","Radish, round, red skin, raw",0.0,0.0,0.0,1.0,0.02,0.03,0.3,25.0,25.0,0.0,21.0
02011,"02 STARCHY ROOTS, TUBERS AND BANANAS","Radish, long, red skin, raw",0.0,0.0,0.0,2.0,0.06,0.02,0.3,26.0,26.0,0.0,17.0
02012,"02 STARCHY ROOTS, TUBERS AND BANANAS","Radish, white skin, raw",1.25,3.0,0.0,15.0,0.03,0.02,0.5,28.0,28.0,0.0,15.0
02013,"02 STARCHY ROOTS, TUBERS AND BANANAS","Sweet potato, brown skin, peeled, raw",8.0,17.0,0.0,100.0,0.07,0.03,0.8,16.0,16.0,0.0,18.0
02027,"02 STARCHY ROOTS, TUBERS AND BANANAS","Sweet potato, brown skin, peeled, boiled, drained (without salt)",8.0,16.0,0.0,95.0,0.05,0.03,0.6,10.0,10.0,0.0,13.0
02014,"02 STARCHY ROOTS, TUBERS AND BANANAS","Sweetpotato, orange, biofortified, raw",517.0,1030.0,0.0,6200.0,0.03,0.05,1.0,11.0,11.0,0.0,31.0
02028,"02 STARCHY ROOTS, TUBERS AND BANANAS","Sweetpotato, orange, biofortified, boiled, drained (without salt)",491.0,981.0,0.0,5890.0,0.02,0.04,0.8,7.0,7.0,0.0,22.0
02015,"02 STARCHY ROOTS, TUBERS AND BANANAS","Sweet potato, pink skin",1.0,2.0,0.0,11.0,0.07,0.03,0.7,14.0,14.0,0.0,22.0
02029,"02 STARCHY ROOTS, TUBERS AND BANANAS","Sweet potato, pink skin, boiled, drained (without salt)",1.0,2.0,0.0,11.0,0.05,0.03,0.5,9.0,9.0,0.0,16.0
02016,"02 STARCHY ROOTS, TUBERS AND BANANAS","Taro, peeled, raw",3.0,5.0,0.0,30.0,0.1,0.03,0.7,22.0,22.0,0.0,12.0
02017,"02 STARCHY ROOTS, TUBERS AND BANANAS","Turnip, root, raw",0.0,0.0,0.0,0.0,0.04,0.04,0.7,15.0,15.0,0.0,23.0
02018,"02 STARCHY ROOTS, TUBERS AND BANANAS","Yam, Flour",0.0,0.0,0.0,0.0,0.0,0.0,1.0,43.0,43.0,0.0,0.0
02019,"02 STARCHY ROOTS, TUBERS AND BANANAS","Yam, white, raw",0.0,0.0,0.0,0.0,0.11,0.02,0.4,16.0,16.0,0.0,6.0
02030,"02 STARCHY ROOTS, TUBERS AND BANANAS","Yam, white, boiled, drained (without salt)",0.0,0.0,0.0,0.0,0.09,0.02,0.3,10.0,10.0,0.0,4.0
03023,03 LEGUMES AND PULSES,"Beans, broad, dry, unsoaked, boiled, drained (without salt)",1.0,2.0,0.0,10.0,0.13,0.09,0.6,45.0,45.0,0.0,0.0
03025,03 LEGUMES AND PULSES,"Beans, broad, dry, water-soaked, boiled in different water, drained (without salt)",1.0,2.0,0.0,10.0,0.13,0.09,0.6,45.0,45.0,0.0,0.0
03002,03 LEGUMES AND PULSES,"Beans, broad, fresh, raw",16.0,32.0,0.0,195.0,0.12,0.14,2.0,284.0,284.0,0.0,41.0
03003,03 LEGUMES AND PULSES,"Beans, cluster, fresh, raw",20.0,40.0,0.0,241.0,0.09,0.03,0.7,41.0,41.0,0.0,49.0
03004,03 LEGUMES AND PULSES,"Beans, kidney, dry, raw",1.0,1.0,0.0,6.0,0.35,0.18,2.4,272.0,272.0,0.0,0.3
03030,03 LEGUMES AND PULSES,"Beans, kidney, dry, unsoaked, boiled (without salt, water not discarded)",0.0,0.0,0.0,1.0,0.06,0.04,0.4,38.0,38.0,0.0,0.0
03032,03 LEGUMES AND PULSES,"Beans, kidney, dry, water-soaked, boiled in different water (without salt, water not discarded)",0.0,0.0,0.0,1.0,0.06,0.04,0.4,38.0,38.0,0.0,0.0
03033,03 LEGUMES AND PULSES,"Beans, lima, dry, unsoaked, boiled, drained (without salt)",0.0,0.0,0.0,0.0,0.14,0.05,0.4,76.0,76.0,0.0,0.0
03035,03 LEGUMES AND PULSES,"Beans, lima, dry, water-soaked, boiled in different water, drained (without salt)",0.0,0.0,0.0,0.0,0.14,0.05,0.4,76.0,76.0,0.0,0.0
03006,03 LEGUMES AND PULSES,"Bean, red, fresh, raw",2.0,3.0,0.0,20.0,0.18,0.11,2.0,130.0,130.0,0.0,27.0
03008,03 LEGUMES AND PULSES,"Bonavist, dry, raw",0.0,1.0,0.0,5.0,0.59,0.17,2.86,23.0,23.0,0.0,0.0
03038,03 LEGUMES AND PULSES,"Bonavist, dry, unsoaked, boiled (without salt, water not discarded)",0.0,0.0,0.0,2.0,0.15,0.05,0.7,4.0,4.0,0.0,0.0
03040,03 LEGUMES AND PULSES,"Bonavist, dry, water-soaked, boiled in different water (without salt, water not discarded)",0.0,0.0,0.0,1.0,0.11,0.04,0.6,3.0,3.0,0.0,0.0
03010,03 LEGUMES AND PULSES,"Chick peas, whole, dry, raw",15.0,29.0,0.0,175.0,0.48,0.16,2.1,400.0,400.0,0.0,8.0
03042,03 LEGUMES AND PULSES,"Chick peas, whole, unsoaked, boiled (without salt, water not discarded)",5.0,9.0,0.0,55.0,0.12,0.05,0.5,76.0,76.0,0.0,2.0
03044,03 LEGUMES AND PULSES,"Chick peas, whole, dry, water-soaked, boiled in different water (without salt, water not discarded)",5.0,9.0,0.0,55.0,0.12,0.05,0.5,76.0,76.0,0.0,2.0
03045,03 LEGUMES AND PULSES,"Cowpeas, dry, unsoaked, boiled, drained (without salt)",1.0,1.0,0.0,7.0,0.22,0.04,0.6,82.0,82.0,0.0,0.0
03047,03 LEGUMES AND PULSES,"Cowpeas, dry, water-soaked, boiled in different water, drained (without salt)",1.0,1.0,0.0,7.0,0.22,0.04,0.6,82.0,82.0,0.0,0.0
03012,03 LEGUMES AND PULSES,"Cowpeas, fresh, raw",65.0,130.0,0.0,,0.14,0.1,2.3,267.0,267.0,0.0,4.0
03013,03 LEGUMES AND PULSES,"Flour, soya, full fat",6.0,12.0,0.0,71.0,0.8,0.3,4.2,338.0,338.0,0.0,0.0
03015,03 LEGUMES AND PULSES,"Garden peas, fresh, raw",30.0,60.0,0.0,363.0,0.29,0.13,2.3,216.0,216.0,0.0,38.4
03016,03 LEGUMES AND PULSES,"Garden peas, dry, raw",5.0,11.0,0.0,64.0,0.88,0.17,2.6,110.0,110.0,0.0,5.0
03052,03 LEGUMES AND PULSES,"Garden peas, unsoaked, boiled (without salt, water not discarded)",1.0,3.0,0.0,15.0,0.17,0.04,0.5,16.0,16.0,0.0,1.0
03054,03 LEGUMES AND PULSES,"Garden peas, dry, water-soaked, boiled in different water (without salt, water not discarded)",1.0,3.0,0.0,15.0,0.17,0.04,0.5,16.0,16.0,0.0,1.0
03055,03 LEGUMES AND PULSES,"Gram, black, dry, unsoaked, boiled, drained (without salt)",4.0,8.0,0.0,46.0,0.07,0.03,0.4,56.0,56.0,0.0,1.0
03057,03 LEGUMES AND PULSES,"Gram, black, dry, water-soaked, boiled in different water, drained (without salt)",4.0,8.0,0.0,46.0,0.07,0.03,0.4,56.0,56.0,0.0,1.0
03018,03 LEGUMES AND PULSES,"Gram, Flour",3.0,5.0,0.0,32.0,0.45,0.17,1.9,193.0,193.0,0.0,0.0
03059,03 LEGUMES AND PULSES,"Gram, green, dry, unsoaked, boiled, drained (without salt)",3.0,7.0,0.0,41.0,0.13,0.06,0.5,113.0,113.0,0.0,1.0
03061,03 LEGUMES AND PULSES,"Gram, green, dry, water-soaked, boiled in different water, drained (without salt)",3.0,7.0,0.0,41.0,0.13,0.06,0.5,113.0,113.0,0.0,1.0
03020,03 LEGUMES AND PULSES,"Lentils, whole, dry, raw",1.0,2.0,0.0,10.0,0.4,0.19,2.54,132.0,132.0,0.0,6.8
03064,03 LEGUMES AND PULSES,"Lentils, whole, unsoaked, boiled (without salt, water not discarded)",0.0,0.0,0.0,2.0,0.08,0.04,0.5,19.0,19.0,0.0,1.0
03066,03 LEGUMES AND PULSES,"Lentils, whole, dry, water-soaked, boiled in different water (without salt, water not discarded)",0.0,0.0,0.0,2.0,0.08,0.04,0.5,19.0,19.0,0.0,1.0
03067,03 LEGUMES AND PULSES,"Pigeon peas, dry, unsoaked, boiled, drained (without salt)",8.0,17.0,0.0,100.0,0.2,0.05,0.7,74.0,74.0,0.0,0.0
03069,03 LEGUMES AND PULSES,"Pigeon peas, dry, water-soaked, boiled in different water, drained (without salt)",8.0,17.0,0.0,100.0,0.2,0.05,0.7,74.0,74.0,0.0,0.0
03022,03 LEGUMES AND PULSES,"Soybean, dry, raw",0.0,1.0,0.0,5.0,0.73,0.15,2.59,359.0,359.0,0.0,0.0
03072,03 LEGUMES AND PULSES,"Soybean, dry, water-soaked, boiled in different water, drained (without salt)",0.0,0.0,0.0,2.0,0.19,0.05,0.7,74.0,74.0,0.0,0.0
04001,04 VEGETABLE AND VEGETABLE PROCUCTS,"Amaranth, leaves, picked, raw",326.0,652.0,0.0,3913.0,0.03,0.22,0.69,64.0,64.0,0.0,77.0
04039,04 VEGETABLE AND VEGETABLE PROCUCTS,"Amaranth, leaves, picked, boiled, drained (without salt)",309.0,618.0,0.0,3707.0,0.02,0.15,0.5,34.0,34.0,0.0,33.0
04040,04 VEGETABLE AND VEGETABLE PROCUCTS,"Amaranth, leaves, picked, stewed (without salt)",362.0,725.0,0.0,4347.0,0.03,0.26,0.8,55.0,55.0,0.0,57.0
04002,04 VEGETABLE AND VEGETABLE PROCUCTS,"Bitter gourd, whole, different varieties, raw",11.0,21.0,0.0,126.0,0.07,0.04,0.3,45.0,45.0,0.0,60.0
04041,04 VEGETABLE AND VEGETABLE PROCUCTS,"Bitter gourd, whole, different varieties, boiled, drained (without salt)",11.0,21.0,0.0,126.0,0.05,0.03,0.2,25.0,25.0,0.0,43.0
04003,04 VEGETABLE AND VEGETABLE PROCUCTS,"Black (African) nightshade, indigenous, leaves, picked, raw",2.0,4.0,0.0,24.0,0.06,0.32,1.1,404.0,404.0,0.0,36.0
04042,04 VEGETABLE AND VEGETABLE PROCUCTS,"Black (African) nightshade, indigenous, leaves, picked, boiled, drained (without salt)",2.0,3.0,0.0,20.0,0.04,0.2,0.7,192.0,192.0,0.0,14.0
04004,04 VEGETABLE AND VEGETABLE PROCUCTS,"Broccoli, tops and stems, raw",25.0,51.0,0.0,303.0,0.1,0.22,0.5,48.0,48.0,0.0,103.0
04044,04 VEGETABLE AND VEGETABLE PROCUCTS,"Broccoli, tops and stems, boiled, drained (without salt)",20.0,41.0,0.0,246.0,0.06,0.13,0.3,22.0,22.0,0.0,60.0
04045,04 VEGETABLE AND VEGETABLE PROCUCTS,"Broccoli, tops and stems, steamed (without salt)",22.0,44.0,0.0,262.0,0.08,0.19,0.4,28.0,28.0,0.0,74.0
04005,04 VEGETABLE AND VEGETABLE PROCUCTS,"Cabbage, leaf head, Chinese, raw",16.0,32.0,0.0,190.0,0.03,0.04,0.4,170.0,170.0,0.0,20.0
04046,04 VEGETABLE AND VEGETABLE PROCUCTS,"Cabbage, leaf head, Chinese, boiled, drained (without salt)",15.0,29.0,0.0,174.0,0.02,0.03,0.3,87.0,87.0,0.0,8.0
04047,04 VEGETABLE AND VEGETABLE PROCUCTS,"Cabbage, leaf head, Chinese, steamed (without salt)",15.0,29.0,0.0,174.0,0.02,0.04,0.3,104.0,104.0,0.0,11.0
04006,04 VEGETABLE AND VEGETABLE PROCUCTS,"Cabbage, leaf head, red raw",1.0,2.0,0.0,10.0,0.09,0.13,0.5,57.0,57.0,0.0,69.0
04048,04 VEGETABLE AND VEGETABLE PROCUCTS,"Cabbage, leaf head, red, boiled, drained (without salt)",1.0,2.0,0.0,9.0,0.06,0.09,0.3,29.0,29.0,0.0,28.0
04049,04 VEGETABLE AND VEGETABLE PROCUCTS,"Cabbage, leaf head, red, stewed (without salt)",1.0,1.0,0.0,8.0,0.08,0.11,0.4,37.0,37.0,0.0,38.0
04007,04 VEGETABLE AND VEGETABLE PROCUCTS,"Cabbage, leaf head, white, raw",0.0,0.0,0.0,0.0,0.04,0.04,0.4,15.0,15.0,0.0,50.0
04050,04 VEGETABLE AND VEGETABLE PROCUCTS,"Cabbage, leaf head, white, boiled, drained (without salt)",0.0,0.0,0.0,0.0,0.03,0.03,0.3,8.0,8.0,0.0,20.0
04051,04 VEGETABLE AND VEGETABLE PROCUCTS,"Cabbage, leaf head, white, stewed (without salt)",0.0,0.0,0.0,0.0,0.04,0.04,0.4,11.0,11.0,0.0,32.0
04008,04 VEGETABLE AND VEGETABLE PROCUCTS,"Capsicum (sweet peper), green, raw",27.0,55.0,0.0,328.0,0.03,0.03,0.5,8.0,8.0,0.0,115.0
04052,04 VEGETABLE AND VEGETABLE PROCUCTS,"Capsicum (sweet peper), green, boiled, drained (without salt)",28.0,57.0,0.0,339.0,0.02,0.02,0.4,5.0,5.0,0.0,86.0
04053,04 VEGETABLE AND VEGETABLE PROCUCTS,"Capsicum (sweet peper), green, grilled (without salt and fat)",26.0,53.0,0.0,317.0,0.03,0.03,0.5,6.0,6.0,0.0,99.0
04054,04 VEGETABLE AND VEGETABLE PROCUCTS,"Capsicum (sweet peper), green, baked (without salt)",26.0,51.0,0.0,308.0,0.03,0.03,0.5,6.0,6.0,0.0,96.0
04009,04 VEGETABLE AND VEGETABLE PROCUCTS,"Capsicum (sweet peper), red, raw",21.0,41.0,0.0,246.0,0.04,0.05,1.0,52.0,52.0,0.0,156.0
04055,04 VEGETABLE AND VEGETABLE PROCUCTS,"Capsicum (sweet peper), red, boiled, drained (without salt)",21.0,42.0,0.0,254.0,0.03,0.04,0.7,30.0,30.0,0.0,117.0
04056,04 VEGETABLE AND VEGETABLE PROCUCTS,"Capsicum (sweet peper), red, grilled (without salt and fat)",20.0,40.0,0.0,238.0,0.04,0.05,1.0,39.0,39.0,0.0,134.0
04057,04 VEGETABLE AND VEGETABLE PROCUCTS,"Capsicum (sweet peper), red, baked (without salt)",19.0,38.0,0.0,231.0,0.04,0.05,1.0,38.0,38.0,0.0,130.0
04010,04 VEGETABLE AND VEGETABLE PROCUCTS,"Capsicum (sweet peper), yellow, raw",14.0,28.0,0.0,166.0,0.14,0.02,0.59,30.0,30.0,0.0,127.0
04058,04 VEGETABLE AND VEGETABLE PROCUCTS,"Capsicum (sweet peper), yellow, boiled, drained (without salt)",14.0,29.0,0.0,172.0,0.1,0.01,0.4,17.0,17.0,0.0,95.0
04059,04 VEGETABLE AND VEGETABLE PROCUCTS,"Capsicum (sweet peper), yellow, grilled (without salt and fat)",13.0,27.0,0.0,161.0,0.14,0.02,0.6,23.0,23.0,0.0,109.0
04060,04 VEGETABLE AND VEGETABLE PROCUCTS,"Capsicum (sweet peper), yellow, baked (without salt)",13.0,26.0,0.0,156.0,0.13,0.02,0.6,22.0,22.0,0.0,106.0
04011,04 VEGETABLE AND VEGETABLE PROCUCTS,"Carrot, peeled, raw",589.0,1180.0,0.0,7070.0,0.04,0.03,0.22,18.0,18.0,0.0,5.5
04061,04 VEGETABLE AND VEGETABLE PROCUCTS,"Carrot, peeled, boiled, drained (without salt)",564.0,1130.0,0.0,6770.0,0.03,0.02,0.2,10.0,10.0,0.0,2.0
04062,04 VEGETABLE AND VEGETABLE PROCUCTS,"Carrot, peeled, stewed (without salt)",552.0,1110.0,0.0,6630.0,0.04,0.03,0.2,13.0,13.0,0.0,5.0
04012,04 VEGETABLE AND VEGETABLE PROCUCTS,"Cauliflower, tops and stems, raw",0.0,0.0,0.0,2.0,0.06,0.09,0.5,44.0,44.0,0.0,70.0
04063,04 VEGETABLE AND VEGETABLE PROCUCTS,"Cauliflower, tops and stems, boiled, drained (without salt)",0.0,0.0,0.0,1.0,0.04,0.06,0.3,22.0,22.0,0.0,46.0
04013,04 VEGETABLE AND VEGETABLE PROCUCTS,"Celery, stalk, raw",39.0,78.0,0.0,465.0,0.03,0.03,0.4,13.0,13.0,0.0,12.0
04064,04 VEGETABLE AND VEGETABLE PROCUCTS,"Celery, stalk, boiled, drained (without salt)",39.0,78.0,0.0,465.0,0.02,0.02,0.3,7.0,7.0,0.0,9.0
04014,04 VEGETABLE AND VEGETABLE PROCUCTS,"Courgette, green, unpeeled, raw",23.0,46.0,0.0,278.0,0.03,0.06,0.6,17.0,17.0,0.0,24.0
04065,04 VEGETABLE AND VEGETABLE PROCUCTS,"Courgette, green, unpeeled, boiled, drained (without salt)",14.0,28.0,0.0,168.0,0.02,0.04,0.4,9.0,9.0,0.0,17.0
04015,04 VEGETABLE AND VEGETABLE PROCUCTS,"Cowpea, leaves, picked, raw",36.0,72.0,0.0,0.0,0.49,0.37,1.6,95.0,95.0,0.0,50.0
04066,04 VEGETABLE AND VEGETABLE PROCUCTS,"Cowpea, leaves, picked, boiled, drained (without salt)",0.0,0.0,0.0,0.0,0.3,0.23,1.0,45.0,45.0,0.0,19.0
04067,04 VEGETABLE AND VEGETABLE PROCUCTS,"Cowpea, leaves, picked, steamed (without salt)",0.0,0.0,0.0,0.0,0.34,0.29,1.1,49.0,49.0,0.0,24.0
04016,04 VEGETABLE AND VEGETABLE PROCUCTS,"Cucumber, green, unpeeled, raw",0.0,1.0,0.0,5.0,0.03,0.02,0.2,7.0,7.0,0.0,7.0
04017,04 VEGETABLE AND VEGETABLE PROCUCTS,"Eggplant / Brinjal, different varieties, whole edible, raw",12.0,24.0,0.0,146.0,0.05,0.05,1.0,29.0,29.0,0.0,2.0
04068,04 VEGETABLE AND VEGETABLE PROCUCTS,"Eggplant / Brinjal, different varieties, whole edible, boiled, drained (without salt)",12.0,24.0,0.0,141.0,0.03,0.03,0.4,16.0,16.0,0.0,1.0
04069,04 VEGETABLE AND VEGETABLE PROCUCTS,"Eggplant / Brinjal, different varieties, whole edible, stewed (without salt)",14.0,27.0,0.0,164.0,0.06,0.06,0.6,25.0,25.0,0.0,2.0
04018,04 VEGETABLE AND VEGETABLE PROCUCTS,"Jute mallow, picked leaves, raw",217.0,434.0,0.0,2603.0,0.09,0.34,0.53,117.0,117.0,0.0,44.5
04070,04 VEGETABLE AND VEGETABLE PROCUCTS,"Jute mallow, picked leaves, boiled, drained (without salt)",205.0,411.0,0.0,2466.0,0.06,0.23,0.4,61.0,61.0,0.0,18.3
04071,04 VEGETABLE AND VEGETABLE PROCUCTS,"Jute mallow, picked leaves, stewed (without salt)",241.0,482.0,0.0,2892.0,0.1,0.4,0.6,101.0,101.0,0.0,32.2
04019,04 VEGETABLE AND VEGETABLE PROCUCTS,"Kale, Ethiopian (kanzera), leaves, raw",118.0,236.0,0.0,1418.0,0.06,0.23,0.9,73.0,73.0,0.0,134.0
04072,04 VEGETABLE AND VEGETABLE PROCUCTS,"Kale, Ethiopian (kanzera), leaves, boiled, drained (without salt)",101.0,203.0,0.0,1215.0,0.04,0.14,0.6,35.0,35.0,0.0,51.0
04073,04 VEGETABLE AND VEGETABLE PROCUCTS,"Kale, Ethiopian (kanzera), leaves, steamed (without salt)",92.0,185.0,0.0,1109.0,0.04,0.18,0.6,38.0,38.0,0.0,64.0
04020,04 VEGETABLE AND VEGETABLE PROCUCTS,Kale (sukuma wiki) raw,177.0,355.0,0.0,2127.0,0.11,0.13,1.0,62.0,62.0,0.0,134.0
04074,04 VEGETABLE AND VEGETABLE PROCUCTS,"Kale (sukuma wiki), boiled, drained (without salt)",152.0,304.0,0.0,1823.0,0.07,0.08,0.6,30.0,30.0,0.0,51.0
04075,04 VEGETABLE AND VEGETABLE PROCUCTS,"Kale (sukuma wiki), steamed (without salt)",139.0,277.0,0.0,1665.0,0.08,0.1,0.7,33.0,33.0,0.0,64.0
04021,04 VEGETABLE AND VEGETABLE PROCUCTS,"Leeks, bulb and stem, raw",20.0,40.0,0.0,242.0,0.14,0.0,0.0,64.0,64.0,0.0,21.0
04076,04 VEGETABLE AND VEGETABLE PROCUCTS,"Leeks, bulb and stem, boiled, drained (without salt)",22.0,44.0,0.0,262.0,0.12,0.07,0.3,39.0,39.0,0.0,10.0
04022,04 VEGETABLE AND VEGETABLE PROCUCTS,"Lettuce, not further defined, raw",107.0,214.0,0.0,1285.0,0.08,0.05,0.26,66.0,66.0,0.0,10.0
04023,04 VEGETABLE AND VEGETABLE PROCUCTS,"Mushroom, fresh, raw",0.0,0.0,0.0,0.0,0.1,0.4,0.7,23.0,23.0,0.0,0.0
04077,04 VEGETABLE AND VEGETABLE PROCUCTS,"Mushroom, fresh, boiled, drained (without salt)",0.0,0.0,0.0,0.0,0.09,0.36,0.6,16.0,16.0,0.0,0.0
04078,04 VEGETABLE AND VEGETABLE PROCUCTS,"Mushroom, fresh, stewed (without salt)",0.0,0.0,0.0,0.0,0.11,0.47,0.8,20.0,20.0,0.0,0.0
04079,04 VEGETABLE AND VEGETABLE PROCUCTS,"Mushroom, dried, boiled, drained (without salt)",0.0,0.0,0.0,0.0,0.09,0.06,1.4,47.0,47.0,0.0,0.0
04024,04 VEGETABLE AND VEGETABLE PROCUCTS,"Mushroom, dried, raw",0.0,0.0,0.0,0.0,0.24,0.17,3.77,163.0,163.0,0.0,0.0
04025,04 VEGETABLE AND VEGETABLE PROCUCTS,"Mushroom, raw, canned in brine (drained)",4.0,7.0,0.0,42.0,0.23,0.05,1.3,22.0,22.0,0.0,3.0
04026,04 VEGETABLE AND VEGETABLE PROCUCTS,"Okra, fresh, raw",9.0,19.0,0.0,112.0,0.1,0.06,1.0,88.0,88.0,0.0,21.0
04080,04 VEGETABLE AND VEGETABLE PROCUCTS,"Okra, fresh, boiled, drained (without salt)",8.0,15.0,0.0,91.0,0.05,0.04,0.6,40.0,40.0,0.0,12.0
04081,04 VEGETABLE AND VEGETABLE PROCUCTS,"Okra, fresh, stewed (without salt)",9.0,18.0,0.0,109.0,0.08,0.06,0.9,57.0,57.0,0.0,17.0
04027,04 VEGETABLE AND VEGETABLE PROCUCTS,"Pumpkin, flesh, yellow w/o seeds, raw",126.0,252.0,0.0,1512.0,0.07,0.06,0.78,50.0,50.0,0.0,8.0
04082,04 VEGETABLE AND VEGETABLE PROCUCTS,"Pumpkin, flesh, yellow w/o seeds, boiled, drained (without salt)",123.0,246.0,0.0,1479.0,0.05,0.04,0.5,27.0,27.0,0.0,6.0
04083,04 VEGETABLE AND VEGETABLE PROCUCTS,"Pumpkin, flesh, yellow w/o seeds, boiled, drained (without salt)",100.0,201.0,0.0,1204.0,0.06,0.05,0.7,31.0,31.0,0.0,6.0
04028,04 VEGETABLE AND VEGETABLE PROCUCTS,"Pumpkin, leaves, raw",141.0,283.0,0.0,1695.0,0.07,0.12,1.49,36.0,36.0,,12.3
04084,04 VEGETABLE AND VEGETABLE PROCUCTS,"Pumpkin, leaves, boiled, drained (without salt)",121.0,242.0,0.0,1453.0,0.04,0.07,0.9,17.0,17.0,0.0,5.0
04085,04 VEGETABLE AND VEGETABLE PROCUCTS,"Pumpkin, leaves, steamed (without salt)",111.0,221.0,0.0,1327.0,0.05,0.09,1.0,19.0,19.0,0.0,6.0
04029,04 VEGETABLE AND VEGETABLE PROCUCTS,"Spider plant, leaves, raw",217.0,434.0,0.0,2603.0,0.1,0.12,1.3,346.0,346.0,0.0,64.0
04086,04 VEGETABLE AND VEGETABLE PROCUCTS,"Spider plant, leaves, boiled, drained (without salt)",186.0,372.0,0.0,2231.0,0.06,0.07,0.8,165.0,165.0,0.0,24.0
04087,04 VEGETABLE AND VEGETABLE PROCUCTS,"Spider plant, leaves, steamed (without salt)",170.0,339.0,0.0,2037.0,0.07,0.09,0.9,181.0,181.0,0.0,31.0
04030,04 VEGETABLE AND VEGETABLE PROCUCTS,"Spinach, leaves, raw",189.0,377.0,0.0,2260.0,0.03,0.18,0.4,110.0,110.0,0.0,37.0
04088,04 VEGETABLE AND VEGETABLE PROCUCTS,"Spinach, leaves, boiled, drained (without salt)",179.0,357.0,0.0,2140.0,0.02,0.12,0.3,58.0,58.0,0.0,15.0
04089,04 VEGETABLE AND VEGETABLE PROCUCTS,"Spinach, leaves, stewed (without salt)",209.0,419.0,0.0,2510.0,0.03,0.21,0.5,95.0,95.0,0.0,27.0
04031,04 VEGETABLE AND VEGETABLE PROCUCTS,"Spinach, Swiss chard, leaves, raw",190.0,380.0,0.0,2280.0,0.03,0.1,0.6,121.0,121.0,0.0,24.0
04090,04 VEGETABLE AND VEGETABLE PROCUCTS,"Spinach, Swiss chard, leaves, boiled, drained (without salt)",180.0,360.0,0.0,2160.0,0.02,0.07,0.4,64.0,64.0,0.0,10.0
04091,04 VEGETABLE AND VEGETABLE PROCUCTS,"Spinach, Swiss chard, leaves, stewed (without salt)",211.0,422.0,0.0,2530.0,0.03,0.12,0.7,105.0,105.0,0.0,18.0
04032,04 VEGETABLE AND VEGETABLE PROCUCTS,"Squash, butternut, peeled, flesh, raw",160.0,320.0,0.0,1920.0,0.07,0.06,1.02,31.0,31.0,0.0,8.0
04092,04 VEGETABLE AND VEGETABLE PROCUCTS,"Squash, butternut, peeled, flesh, boiled, drained (without salt)",162.0,324.0,0.0,1940.0,0.05,0.04,0.7,18.0,18.0,0.0,6.0
04093,04 VEGETABLE AND VEGETABLE PROCUCTS,"Squash, butternut, peeled, flesh, steamed (without salt)",162.0,324.0,0.0,1940.0,0.06,0.06,0.9,21.0,21.0,0.0,7.0
04094,04 VEGETABLE AND VEGETABLE PROCUCTS,"Squash, butternut, peeled, flesh, baked (without salt)",169.0,339.0,0.0,2030.0,0.07,0.06,1.1,26.0,26.0,0.0,8.0
04033,04 VEGETABLE AND VEGETABLE PROCUCTS,"Stinging nettle, leaves, raw",2.0,3.0,0.0,,0.04,0.0,1.0,457.0,457.0,0.0,5.0
04095,04 VEGETABLE AND VEGETABLE PROCUCTS,"Stinging nettle, leaves, boiled, drained (without salt)",0.0,0.0,0.0,0.0,0.02,0.19,0.7,218.0,218.0,0.0,2.0
04096,04 VEGETABLE AND VEGETABLE PROCUCTS,"Stinging nettle, leaves, steamed (without salt)",0.0,0.0,0.0,0.0,0.03,0.24,0.7,238.0,238.0,0.0,2.0
04035,04 VEGETABLE AND VEGETABLE PROCUCTS,"Tomato, green, raw",3.0,5.0,0.0,32.0,0.08,0.1,0.5,9.0,9.0,0.0,16.0
04097,04 VEGETABLE AND VEGETABLE PROCUCTS,"Tomato, green, boiled, drained (without salt)",3.0,6.0,0.0,37.0,0.07,0.04,0.4,6.0,6.0,0.0,14.0
04036,04 VEGETABLE AND VEGETABLE PROCUCTS,"Tomato, red, ripe, raw",26.0,53.0,0.0,316.0,0.04,0.04,0.5,25.0,25.0,0.0,25.0
04098,04 VEGETABLE AND VEGETABLE PROCUCTS,"Tomato, red, ripe, boiled, drained (without salt)",30.0,61.0,0.0,365.0,0.04,0.04,0.5,16.0,16.0,0.0,21.0
04037,04 VEGETABLE AND VEGETABLE PROCUCTS,"Tomato, canned, whole contents",28.0,56.0,0.0,334.0,0.0,0.0,0.6,26.0,26.0,0.0,6.0
04038,04 VEGETABLE AND VEGETABLE PROCUCTS,"Vine (African) spinach, picked leaves, raw",184.0,369.0,0.0,2210.0,0.1,0.2,0.9,71.0,71.3,0.0,79.8
04099,04 VEGETABLE AND VEGETABLE PROCUCTS,"Vine (African) spinach, picked leaves, boiled, drained (without salt)",175.0,349.0,0.0,2100.0,0.04,0.14,0.6,38.0,38.0,0.0,34.0
05002,05 FRUITS,"Apple, red, unpeeled, raw",1.0,2.0,0.0,14.0,0.02,0.01,0.13,5.0,5.0,0.0,4.0
05004,05 FRUITS,"Banana, cavendish, raw",5.0,9.0,0.0,56.0,0.05,0.05,0.35,22.0,22.0,0.0,4.0
05006,05 FRUITS,"Custard apple, peeled, raw",0.0,0.0,0.0,0.0,0.07,0.13,0.7,37.0,37.0,0.0,22.0
05008,05 FRUITS,"Date, raw",2.0,3.0,0.0,20.0,0.06,0.07,0.7,25.0,25.0,0.0,22.0
05010,05 FRUITS,"Grapes, green, raw",2.0,5.0,0.0,29.0,0.03,0.03,0.2,4.0,4.0,0.0,14.0
05012,05 FRUITS,"Jackfruit, fruit, yellow-fleshed, peeled, raw",7.0,15.0,0.0,90.0,0.07,0.13,0.7,19.0,19.0,0.0,7.0
05014,05 FRUITS,"Lemon peel, raw",3.0,5.0,0.0,30.0,0.06,0.08,0.4,13.0,13.0,0.0,129.0
05016,05 FRUITS,"Lime, juice",2.0,5.0,0.0,28.0,0.03,0.02,0.2,6.0,6.0,0.0,41.0
05018,05 FRUITS,"Loquat, peeled, raw",45.0,89.0,0.0,537.0,0.02,0.04,0.3,14.0,14.0,0.0,4.1
05020,05 FRUITS,"Mango, unripe, raw",7.0,13.0,0.0,78.0,0.02,0.03,0.26,26.0,26.0,0.0,88.0
05022,05 FRUITS,"Orange, Juice",3.0,7.0,0.0,42.0,0.06,0.02,0.1,44.0,44.0,0.0,64.0
05024,05 FRUITS,"Papaya, yellow skin, peeled, raw",85.0,170.0,0.0,1018.0,0.04,0.03,0.3,37.0,37.0,0.0,51.0
05026,05 FRUITS,"Passion Fruit, juice",45.0,90.0,0.0,538.0,0.07,0.01,1.5,8.0,8.0,0.0,23.0
05028,05 FRUITS,"Pear, unpeeled, raw",1.0,2.0,0.0,14.0,0.03,0.03,0.1,7.0,7.0,0.0,4.0
05030,05 FRUITS,"Pineapple, raw",3.0,5.0,0.0,31.0,0.05,0.03,0.12,32.0,32.0,0.0,36.4
05032,05 FRUITS,"Pomegranate, raw",4.0,9.0,0.0,53.0,0.06,0.06,0.4,38.0,38.0,0.0,15.0
05034,05 FRUITS,"Strawberry, raw",0.0,0.0,0.0,1.0,0.03,0.02,0.1,39.0,39.0,0.0,49.0
05036,05 FRUITS,"Tangerine, pulp, raw",1.0,2.0,0.0,10.0,0.08,0.05,0.3,24.0,24.0,0.0,36.0
05038,05 FRUITS,"Watermelon, fruit, green with white stripes, raw",21.0,41.0,0.0,246.0,0.03,0.04,0.26,16.0,16.0,0.0,11.5
06001,06 MILK AND DAIRY PRODUCTS,"Butter (cow milk), no added salt (~80-84% fat)",845.0,858.0,832.0,153.0,0.0,0.05,1.1,6.0,6.0,0.0,0.0
06002,06 MILK AND DAIRY PRODUCTS,"Butter (cow milk), salted (~80% fat)",845.0,858.0,832.0,153.0,0.0,0.05,1.1,6.0,6.0,0.0,0.0
06003,06 MILK AND DAIRY PRODUCTS,"Cheese, cheddar, regular fat",166.0,174.0,159.0,87.0,0.04,0.5,1.5,52.0,52.0,1.9,1.0
06004,06 MILK AND DAIRY PRODUCTS,"Cheese, cottage (cow milk), plain, skimmed",34.0,37.0,30.0,44.0,0.05,0.2,0.5,3.0,3.0,0.6,0.0
06005,06,,,35.0,38.0,31.0,44.0,0.05,0.29,0.5,3.0,3.0,0.6
06006,06,,,37.0,38.0,36.0,12.0,0.03,0.27,0.1,12.0,12.0,0.43
06007,06,,,174.0,184.0,164.0,118.0,0.03,0.12,0.0,64.0,64.0,0.2
06008,06,,,900.0,940.0,860.0,480.0,0.0,0.01,0.0,0.0,0.0,0.0
06009,06,,,166.0,182.0,150.0,190.0,0.0,0.29,0.7,10.0,10.0,0.1
06010,06,,,145.0,147.0,143.0,23.0,0.0,0.19,0.2,16.0,16.0,0.25
06011,06,,,139.0,155.0,123.0,190.0,0.02,0.27,0.4,11.0,11.0,0.2
06012,06,,,166.0,182.0,150.0,190.0,0.0,0.25,0.7,10.0,10.0,0.1
06013,06,,,162.0,177.0,146.0,186.0,0.0,0.29,0.7,11.0,11.0,0.1
06014,06 MILK AND DAIRY PRODUCTS,"Milk, camel, whole, fresh, raw",15.0,16.0,13.0,18.0,0.61,0.08,0.0,8.0,8.0,0.6,0.0
06027,06 MILK AND DAIRY PRODUCTS,"Milk, camel, whole, fresh, boiled",16.0,16.0,16.0,0.0,0.65,0.09,0.0,8.0,8.0,1.0,0.0
06015,06 MILK AND DAIRY PRODUCTS,"Milk, cow, condensed, skimmed, sweetened, raw",0.0,0.0,0.0,2.0,0.1,0.6,0.3,0.0,0.0,0.4,2.0
06016,06 MILK AND DAIRY PRODUCTS,"Milk, cow, condensed, whole, sweetened, raw",74.0,78.0,70.0,46.0,0.1,0.5,0.3,0.0,0.0,0.4,1.0
06017,06 MILK AND DAIRY PRODUCTS,"Milk, cow, powder, skimmed",5.0,5.0,4.0,7.0,0.45,1.64,0.9,54.0,54.0,4.0,2.0
06018,06 MILK AND DAIRY PRODUCTS,"Milk, cow, powder, whole",395.0,408.0,383.0,149.0,0.34,1.32,0.8,54.0,54.0,3.2,3.0
06019,06 MILK AND DAIRY PRODUCTS,"Milk, cow, skimmed, raw",0.0,0.0,0.0,1.0,0.03,0.18,0.1,6.0,6.0,0.4,1.0
06028,06 MILK AND DAIRY PRODUCTS,"Milk, cow, skimmed, boiled",0.0,0.0,0.0,1.0,0.03,0.2,0.1,6.0,6.0,0.0,1.0
06020,06 MILK AND DAIRY PRODUCTS,"Milk, cow, whole, fermented (Lala - Industrial)",34.0,34.0,34.0,0.0,0.0,0.2,0.0,0.0,0.0,0.23,0.0
06021,06 MILK AND DAIRY PRODUCTS,"Milk, cow, whole, fermented (Lala - mursik)",41.0,41.0,41.0,0.0,0.0,0.27,0.0,0.0,0.0,0.1,1.0
06022,06 MILK AND DAIRY PRODUCTS,"Milk, cow, whole, fresh, raw",41.0,43.0,40.0,18.0,0.0,0.27,0.0,8.0,8.0,0.59,0.0
06029,06 MILK AND DAIRY PRODUCTS,"Milk, cow, whole, fresh, boiled",47.0,47.0,47.0,0.0,0.0,0.3,0.0,8.0,8.0,1.0,0.0
06023,06 MILK AND DAIRY PRODUCTS,"Milk, goat, fluid, whole, raw",32.0,32.0,32.0,0.0,0.05,0.19,0.5,1.0,1.0,0.35,0.5
06030,06 MILK AND DAIRY PRODUCTS,"Milk, goat, fluid, whole, boiled",38.0,38.0,38.0,0.0,0.05,0.21,0.5,1.0,1.0,0.0,0.0
06024,06 MILK AND DAIRY PRODUCTS,"Milk, human/breast, mature, fluid",61.0,61.0,60.0,7.0,0.02,0.03,0.2,5.0,5.0,0.05,4.0
06025,06 MILK AND DAIRY PRODUCTS,"Milk, sheep, fluid, whole, raw",81.0,81.0,81.0,0.0,0.07,0.36,0.4,7.0,7.0,0.7,4.0
06031,06 MILK AND DAIRY PRODUCTS,"Milk, sheep, fluid, whole, boiled",95.0,95.0,95.0,0.0,0.07,0.4,0.4,7.0,7.0,1.0,3.0
06026,06 MILK AND DAIRY PRODUCTS,"Yoghurt, cow milk, whole, plain",34.0,36.0,32.0,23.0,0.1,0.2,0.1,0.0,0.0,0.2,0.0
07001,"07 MEAT, POULTRY AND EGGS","Beef, high fat, w/o bones, raw",29.0,31.0,29.0,13.0,0.0,0.18,3.4,0.0,0.0,1.63,0.5
07031,"07 MEAT, POULTRY AND EGGS","Beef, high fat, w/o bones, boiled (without salt)",37.0,38.0,35.0,16.0,0.0,0.23,2.8,0.0,0.0,2.0,1.0
07032,"07 MEAT, POULTRY AND EGGS","Beef, high fat, w/o bones, grilled (without salt and fat)",31.0,32.0,30.0,14.0,0.0,0.22,3.8,0.0,0.0,2.0,1.0
07033,"07 MEAT, POULTRY AND EGGS","Beef, high fat, w/o bones, stewed (without salt)",34.0,36.0,33.0,15.0,0.0,0.23,3.2,0.0,0.0,2.0,1.0
07002,"07 MEAT, POULTRY AND EGGS","Beef, lean, raw",6.0,7.0,6.0,10.0,0.0,0.23,5.2,2.0,2.0,2.42,0.5
07034,"07 MEAT, POULTRY AND EGGS","Beef, lean, boiled (without salt)",10.0,11.0,8.0,15.0,0.0,0.38,5.3,2.0,2.0,3.0,1.0
07035,"07 MEAT, POULTRY AND EGGS","Beef, lean, grilled (without salt and fat)",7.0,7.0,6.0,10.0,0.0,0.29,5.8,2.0,2.0,3.0,1.0
07036,"07 MEAT, POULTRY AND EGGS","Beef, lean, stewed (without salt)",9.0,10.0,8.0,14.0,0.0,0.37,5.9,2.0,2.0,3.0,1.0
07003,"07 MEAT, POULTRY AND EGGS","Beef, liver, raw",19534.0,19601.0,19466.0,811.0,0.23,2.63,9.4,268.0,268.0,112.84,14.0
07037,"07 MEAT, POULTRY AND EGGS","Beef, liver, boiled (without salt)",23677.0,23759.0,23595.0,983.0,0.24,3.5,7.1,264.0,264.0,111.0,15.0
07004,"07 MEAT, POULTRY AND EGGS","Beef, medium fat, w/o bones, raw",10.0,10.0,9.0,5.0,0.0,0.21,4.4,2.0,2.0,1.9,0.6
07038,"07 MEAT, POULTRY AND EGGS","Beef, medium fat, without bones, boiled (without salt)",12.0,13.0,11.0,6.0,0.0,0.27,3.7,2.0,2.0,2.0,1.0
07039,"07 MEAT, POULTRY AND EGGS","Beef, medium fat, without bones, grilled (without salt and fat)",10.0,10.0,10.0,5.0,0.0,0.26,4.9,3.0,3.0,2.0,1.0
07040,"07 MEAT, POULTRY AND EGGS","Beef, medium fat, without bones, stewed (without salt)",11.0,12.0,11.0,6.0,0.0,0.27,4.2,2.0,2.0,2.0,1.0
07005,"07 MEAT, POULTRY AND EGGS","Camel blood, raw",74.0,74.0,74.0,,0.04,0.05,0.2,,,,
07006,"07 MEAT, POULTRY AND EGGS",Camel Meat,1.0,2.0,0.0,10.0,0.04,0.2,6.0,8.0,8.0,1.7,0.0
07007,"07 MEAT, POULTRY AND EGGS","Cow’s blood, raw",74.0,74.0,74.0,,0.08,0.09,0.35,,,,
07008,"07 MEAT, POULTRY AND EGGS","Duck, meat and skin, fresh, raw",39.0,39.0,39.0,0.0,0.35,0.45,3.51,0.0,0.0,0.6,0.0
07009,"07 MEAT, POULTRY AND EGGS","Chicken, unespecified part, w/o bone, meat&skin, raw",75.0,75.0,75.0,0.0,0.14,0.12,6.4,11.0,11.0,0.63,1.2
07041,"07 MEAT, POULTRY AND EGGS","Chicken, unspecified part, w/o bone, meat&skin, boiled (without salt)",52.0,52.0,52.0,0.0,0.1,0.14,4.9,7.0,7.0,0.0,2.0
07042,"07 MEAT, POULTRY AND EGGS","Chicken, unspecified part, w/o bone, meat&skin, grilled (without salt and fat)",72.0,72.0,72.0,0.0,0.11,0.13,6.6,9.0,9.0,1.0,1.0
07010,"07 MEAT, POULTRY AND EGGS","Egg, chicken, white (albumen), raw",0.0,0.0,0.0,0.0,0.0,0.41,0.0,7.0,7.0,0.0,0.0
07030,"07 MEAT, POULTRY AND EGGS","Egg, chicken, white (albumin), boiled (without salt)",0.0,0.0,0.0,0.0,0.0,0.33,0.0,6.0,6.0,0.0,0.0
07011,"07 MEAT, POULTRY AND EGGS","Egg, chicken, whole, raw",186.0,186.0,186.0,0.0,0.12,0.51,0.0,83.0,83.0,1.7,0.0
07027,"07 MEAT, POULTRY AND EGGS","Egg, chicken, whole, boiled (without salt)",177.0,177.0,177.0,0.0,0.09,0.41,0.0,66.0,66.0,1.0,0.0
07028,"07 MEAT, POULTRY AND EGGS","Egg, chicken, whole, poached (without salt)",201.0,201.0,201.0,0.0,0.1,0.46,0.0,75.0,75.0,2.0,0.0
07012,"07 MEAT, POULTRY AND EGGS","Egg, chicken, yolk, raw",449.0,449.0,449.0,0.0,0.19,0.4,0.0,120.0,120.0,4.0,0.0
07029,"07 MEAT, POULTRY AND EGGS","Egg, chicken, yolk, boiled (without salt)",427.0,427.0,427.0,0.0,0.15,0.32,0.0,96.0,96.0,3.0,0.0
07013,"07 MEAT, POULTRY AND EGGS","Goat blood, raw",,,,,,,,,,,
07014,"07 MEAT, POULTRY AND EGGS","Goat, lean, raw",7.0,7.0,7.0,0.0,0.17,0.23,4.4,2.0,2.0,3.09,0.4
07043,"07 MEAT, POULTRY AND EGGS","Goat, lean, boiled (without salt)",8.0,8.0,8.0,0.0,0.0,0.28,3.8,2.0,2.0,3.0,0.0
07044,"07 MEAT, POULTRY AND EGGS","Goat, lean, grilled (without salt and fat)",9.0,9.0,9.0,0.0,0.17,0.3,5.2,2.0,2.0,3.0,1.0
07015,"07 MEAT, POULTRY AND EGGS","Goat liver, raw",15700.0,15700.0,15700.0,0.0,0.2,0.37,12.9,178.0,178.0,64.0,14.0
07045,"07 MEAT, POULTRY AND EGGS","Goat, liver, boiled (without salt)",19000.0,19000.0,19000.0,0.0,0.21,0.49,9.8,175.0,175.0,0.0,0.0
07016,"07 MEAT, POULTRY AND EGGS","Goat, medium fat, raw",18.0,18.0,18.0,0.0,0.16,0.18,3.7,1.0,1.0,2.34,0.8
07046,"07 MEAT, POULTRY AND EGGS","Goat, medium fat, boiled (without salt)",20.0,20.0,20.0,0.0,0.13,0.22,3.3,1.0,1.0,2.0,1.0
07047,"07 MEAT, POULTRY AND EGGS","Goat, medium fat, grilled (without salt and fat)",21.0,21.0,21.0,0.0,0.16,0.23,4.4,1.0,1.0,3.0,1.0
07017,"07 MEAT, POULTRY AND EGGS","Guinea fowl, meat, with skin",2.0,2.0,2.0,0.0,0.02,0.18,3.6,4.0,4.0,0.27,1.0
07018,"07 MEAT, POULTRY AND EGGS","Lamb liver, raw",31400.0,31400.0,31400.0,46.0,0.3,2.25,10.9,759.0,759.0,90.0,20.0
07048,"07 MEAT, POULTRY AND EGGS","Lamb, liver, boiled (without salt)",38100.0,38100.0,38100.0,56.0,0.32,3.0,8.3,748.0,748.0,89.0,21.0
07019,"07 MEAT, POULTRY AND EGGS","Lamb, raw (unspecified part)",0.0,0.0,0.0,0.0,0.12,0.23,6.1,18.0,18.0,2.39,0.0
07049,"07 MEAT, POULTRY AND EGGS","Lamb, unspecified part, boiled (without salt)",0.0,0.0,0.0,0.0,0.07,0.18,4.6,16.0,16.0,2.0,0.0
07050,"07 MEAT, POULTRY AND EGGS","Lamb, unspecified part, grilled (without salt and fat)",0.0,0.0,0.0,0.0,0.1,0.29,7.1,18.0,18.0,3.0,0.0
07020,"07 MEAT, POULTRY AND EGGS","Pork, meat, raw (unspecified part)",0.0,0.0,0.0,0.0,0.63,0.17,3.8,4.0,4.0,0.6,0.0
07051,"07 MEAT, POULTRY AND EGGS","Pork, meat, unspecified part, boiled (without salt)",0.0,0.0,0.0,0.0,0.29,0.18,2.9,4.0,4.0,1.0,0.0
07052,"07 MEAT, POULTRY AND EGGS","Pork, meat, unspecified part, grilled (without salt and fat)",0.0,0.0,0.0,0.0,0.63,0.21,4.3,5.0,5.0,1.0,0.0
07021,"07 MEAT, POULTRY AND EGGS","Rabbit meat, raw",10.0,10.0,10.0,0.0,0.46,0.06,7.5,11.0,11.0,5.3,0.0
07053,"07 MEAT, POULTRY AND EGGS","Rabbit meat, stewed (without salt)",12.0,12.0,12.0,0.0,0.27,0.05,5.5,10.0,10.0,5.0,0.0
07054,"07 MEAT, POULTRY AND EGGS","Rabbit meat, roasted (without salt and fat)",9.0,9.0,9.0,0.0,0.31,0.05,6.0,10.0,10.0,4.0,0.0
07022,"07 MEAT, POULTRY AND EGGS","Sausage, beef, raw",129.0,134.0,125.0,54.0,0.03,0.1,2.6,9.0,9.0,1.42,0.0
07055,"07 MEAT, POULTRY AND EGGS","Sausage, beef, grilled (without salt and fat)",155.0,161.0,150.0,65.0,0.03,0.13,2.9,10.0,10.0,2.0,0.0
07023,"07 MEAT, POULTRY AND EGGS","Sausage, frankfurters",9.0,11.0,7.0,24.0,0.04,0.08,0.9,3.0,3.0,1.1,0.0
07056,"07 MEAT, POULTRY AND EGGS","Sausage, frankfurters, boiled (without salt)",8.0,10.0,6.0,23.0,0.03,0.07,0.7,2.0,2.0,1.0,0.0
07024,"07 MEAT, POULTRY AND EGGS","Sausage, liver, raw",8310.0,8310.0,8310.0,0.0,0.2,1.6,4.3,30.0,30.0,13.46,0.0
07057,"07 MEAT, POULTRY AND EGGS","Sausage, liver, grilled (without salt and fat)",9970.0,9970.0,9970.0,0.0,0.2,2.03,4.9,34.0,34.0,18.0,0.0
07025,"07 MEAT, POULTRY AND EGGS","Sausage, pork, raw",26.0,27.0,25.0,13.0,0.04,0.12,2.7,21.0,21.0,0.6,0.0
07058,"07 MEAT, POULTRY AND EGGS","Sausage, pork, boiled (without salt)",26.0,27.0,24.0,13.0,0.03,0.12,2.2,15.0,15.0,0.0,0.0
07059,"07 MEAT, POULTRY AND EGGS","Sausage, pork, grilled (without salt and fat)",33.0,34.0,31.0,16.0,0.04,0.16,3.2,25.0,25.0,1.0,0.0
07026,"07 MEAT, POULTRY AND EGGS","Quail, flesh & skin, raw",47.0,47.0,47.0,0.0,0.17,0.39,7.1,8.0,8.0,0.82,6.0
08015,08 FISH AND SEA FOODS,"Cod, fillet, steamed (without salt)",2.0,,2.0,0.0,0.06,0.06,1.6,8.0,8.0,2.0,0.0
08017,08 FISH AND SEA FOODS,"Cod, fillet, boiled in recipe (without salt and fat)",2.0,,2.0,0.0,0.06,0.08,2.1,10.0,10.0,2.0,1.0
08018,08 FISH AND SEA FOODS,"Dagaa fish (omena), dried, stewed (without salt)",58.0,,58.0,0.0,0.13,0.24,7.9,18.0,18.0,24.0,0.0
08003,08 FISH AND SEA FOODS,"Eel, raw",1043.0,1043.0,1043.0,0.0,0.2,0.35,3.5,15.0,15.0,3.0,1.8
08019,08 FISH AND SEA FOODS,"Eel, steamed (without salt)",880.0,,880.0,0.0,0.18,0.3,3.0,13.0,13.0,3.0,2.0
08020,08 FISH AND SEA FOODS,"Eel, grilled (without salt and fat)",1084.0,,1084.0,0.0,0.23,0.41,4.1,16.0,16.0,4.0,2.0
08021,08 FISH AND SEA FOODS,"Eel, boiled in recipe (without salt and fat)",1131.0,,1131.0,0.0,0.2,0.42,4.0,15.0,15.0,3.0,2.0
08004,08 FISH AND SEA FOODS,"Herring stock, raw",31.0,31.0,31.0,0.0,0.05,0.23,3.2,8.0,8.0,12.22,0.0
08022,08 FISH AND SEA FOODS,"Herring stock, steamed (without salt)",34.0,,34.0,0.0,0.05,0.19,2.7,7.0,7.0,12.0,0.0
08023,08 FISH AND SEA FOODS,"Herring stock, grilled (without salt)",36.0,,36.0,0.0,0.06,0.27,3.7,8.0,8.0,14.0,0.0
08024,08 FISH AND SEA FOODS,"Herring stock, boiled in recipe (without salt and fat)",34.0,,34.0,0.0,0.06,0.28,3.6,8.0,8.0,13.0,0.0
08005,08 FISH AND SEA FOODS,"Lungfish, fillet, raw",9.0,9.0,9.0,0.0,,0.28,2.2,2.0,2.0,1.64,0.2
08025,08 FISH AND SEA FOODS,"Lungfish, fillet, steamed (without salt)",10.0,,10.0,0.0,0.0,0.24,1.8,2.0,2.0,2.0,0.0
08026,08 FISH AND SEA FOODS,"Lungfish, fillet, grilled (without salt and fat)",11.0,,11.0,0.0,0.0,0.33,2.5,2.0,2.0,2.0,0.0
08006,08 FISH AND SEA FOODS,"Mudfish (kamongo), fillet, raw",9.0,9.0,9.0,0.0,0.07,0.03,3.0,14.0,14.0,3.5,0.0
08029,08 FISH AND SEA FOODS,"Mudfish (kamongo), fillet, grilled (without salt and fat)",11.0,11.0,11.0,0.0,0.08,0.04,3.5,14.0,14.0,4.0,0.0
08007,08 FISH AND SEA FOODS,"Mackerel, raw",25.0,25.0,25.0,0.0,0.1,0.15,2.9,1.0,1.0,3.9,1.8
08008,08 FISH AND SEA FOODS,"Nile perch, dry, raw",186.0,186.0,186.0,0.0,0.0,0.0,8.0,28.0,28.0,5.0,0.0
08009,08 FISH AND SEA FOODS,"Nile perch, fillet w/o bones, raw",15.0,15.0,15.0,0.0,0.0,0.0,2.0,7.0,7.0,1.3,0.0
08010,08 FISH AND SEA FOODS,"Nile tilapia, fillet, w/o skin and bones, raw",10.0,10.0,10.0,0.0,0.04,0.15,3.23,5.0,5.0,1.51,0.0
08011,08 FISH AND SEA FOODS,"Prawns, flesh, raw",16.0,20.0,11.0,56.0,0.04,0.08,2.7,14.0,14.0,2.14,0.3
08032,08 FISH AND SEA FOODS,"Prawns, fresh, grilled (without salt and fat)",16.0,,11.0,58.0,0.04,0.1,2.9,13.0,13.0,2.0,0.0
08033,08 FISH AND SEA FOODS,"Prawns, fresh, boiled in recipe (without salt and fat)",16.0,,11.0,59.0,0.04,0.09,2.9,13.0,13.0,2.0,0.0
08034,08 FISH AND SEA FOODS,"Sardine, fresh, steamed (without salt)",10.0,,10.0,0.0,0.01,0.04,0.7,19.0,19.0,0.0,0.0
08036,08 FISH AND SEA FOODS,"Sardine, fresh, boiled in recipe (without salt and fat)",13.0,,13.0,0.0,0.01,0.06,1.0,23.0,23.0,1.0,0.0
08037,08 FISH AND SEA FOODS,"Shark, steamed (without salt)",1.0,,1.0,0.0,0.03,0.03,2.3,3.0,3.0,1.0,0.0
08039,08 FISH AND SEA FOODS,"Shark, boiled in recipe (without salt and fat)",1.0,,1.0,0.0,0.03,0.05,3.1,3.0,3.0,2.0,0.0
08040,08 FISH AND SEA FOODS,"Tuna, steamed (without salt)",20.0,,20.0,0.0,0.15,0.13,14.3,2.0,2.0,5.0,0.0
08042,08 FISH AND SEA FOODS,"Tuna, boiled in recipe (without salt and fat)",20.0,,20.0,0.0,0.17,0.18,19.4,3.0,3.0,5.0,0.0
09002,09 OILS AND FATS,Corn oil,6.0,6.0,6.38,0.0,0.0,0.0,0.0,0.0,0.0,0.0,0.0
09004,09 OILS AND FATS,"Margarine,20% fat",819.0,870.0,768.0,610.0,0.0,0.0,0.0,0.0,0.0,0.0,0.0
09006,09 OILS AND FATS,"Margarine,80% fat",819.0,870.0,768.0,610.0,0.0,0.0,0.0,1.0,1.0,0.06,0.15
09008,09 OILS AND FATS,Olive oil,1.0,2.0,0.0,11.0,0.0,0.0,0.0,0.0,0.0,0.0,0.0
09010,09 OILS AND FATS,Red palm oil,5490.0,11000.0,0.0,65800.0,0.01,0.02,0.0,0.0,0.0,0.0,0.0
09012,09 OILS AND FATS,Soya bean oil,3.0,3.0,2.66,0.0,0.0,0.0,0.0,0.0,0.0,0.0,0.0
10001,10 NUTS AND SEEDS,"Bambara groundnuts, dried, raw",0.0,0.0,0.0,0.0,0.04,0.07,2.3,,,0.0,0.0
10002,10 NUTS AND SEEDS,"Coconut, fresh, mature fruit, flesh",0.0,0.0,0.0,0.0,0.08,0.08,1.0,14.0,14.0,0.0,2.6
10003,10 NUTS AND SEEDS,"Coconut, fresh, young or immature, flesh",0.0,0.0,0.0,0.0,0.03,0.6,1.2,20.0,20.0,0.0,5.8
10004,10 NUTS AND SEEDS,"Coconut meat, dried, (desiccated)",0.0,0.0,0.0,0.0,0.08,0.1,0.6,9.0,9.0,0.0,2.0
10005,10 NUTS AND SEEDS,"Jack fruit, seed, mature, dry, raw",0.0,0.0,0.0,0.0,0.15,0.07,0.6,148.0,148.0,0.0,4.3
10006,10 NUTS AND SEEDS,"Mustard Seeds, Dry, Raw",3.0,6.0,0.0,37.0,0.65,0.26,3.7,75.0,75.0,0.0,0.0
10007,10 NUTS AND SEEDS,"Nut, almond, with or without skin, raw, unsalted",1.0,2.0,0.0,9.0,0.18,0.93,3.7,37.0,37.0,0.0,0.2
10008,10 NUTS AND SEEDS,"Nut, cashew, dry, raw, unsalted",1.0,1.0,0.0,6.0,0.65,0.25,1.8,24.0,24.0,0.0,0.0
10009,10 NUTS AND SEEDS,"Nut, ground nut, with skin, unsalted, dry, raw",0.0,1.0,0.0,4.0,0.85,0.14,15.0,110.0,110.0,0.0,0.0
10010,10 NUTS AND SEEDS,"Nut, macadamia, raw, unsalted",0.0,0.0,0.0,0.0,0.27,0.1,2.0,114.0,114.0,0.0,4.6
10011,10 NUTS AND SEEDS,"Nut, pistachio, raw, unsalted",16.0,31.0,0.0,187.0,0.81,0.17,1.2,63.0,63.0,0.0,1.4
10012,10 NUTS AND SEEDS,Peanut Butter,0.0,1.0,0.0,4.0,0.85,0.14,15.0,110.0,110.0,0.0,0.0
10013,10 NUTS AND SEEDS,"Seed, pumpkin, hulled & dried, unsalted",19.0,38.0,0.0,228.0,0.33,0.16,1.6,56.0,56.0,0.0,1.9
10014,10 NUTS AND SEEDS,"Seed, sesame (sim sim) unsalted, dry, raw",0.0,1.0,0.0,5.0,1.01,0.34,5.1,103.0,103.0,0.0,0.0
10015,10 NUTS AND SEEDS,"Seed, sunflower, unsalted, dry, raw",1.0,1.0,0.0,7.0,0.86,0.2,14.2,224.0,224.0,0.0,0.0
10016,10 NUTS AND SEEDS,"Water Melon, Seed Kernel, Dry, Raw",0.0,0.0,0.0,0.0,0.12,0.2,3.1,58.0,58.0,0.0,0.0
11002,11 SUGAR AND SWEETENED PRODUCTS,"Sugarcane, Juice, Raw",1.0,2.0,0.0,10.34,0.03,0.04,0.1,45.0,45.0,0.0,6.7
12001,12 BEVERAGES,"Beef, broth",1.0,1.0,0.67,0.0,0.01,0.03,0.4,2.0,2.0,0.0,0.0
12002,12 BEVERAGES,"Coconut, fresh, water",0.0,0.0,0.0,0.0,0.01,0.05,0.1,14.0,14.0,0.0,2.5
12003,12 BEVERAGES,"Coffee, instant, dry powder or granules",0.0,0.0,0.0,0.0,0.0,1.0,42.9,13.0,13.0,0.0,2.0
12004,12 BEVERAGES,"Drinking chocolate, powder",61.0,62.0,60.0,9.0,0.03,0.15,0.5,6.0,6.0,0.0,1.0
12005,12 BEVERAGES,"Tea, chai, instant dry powder",0.0,0.0,0.0,1.0,0.0,0.99,10.8,103.0,103.0,0.0,0.0
12006,12 BEVERAGES,"Water, tap",0.0,0.0,0.0,0.0,0.0,0.0,0.0,0.0,0.0,0.0,0.0
12007,12 BEVERAGES,"Wine, Red",0.0,0.0,0.0,0.0,0.0,0.0,0.3,1.0,1.0,0.0,0.0
12008,12 BEVERAGES,"Wine, White, Dry",0.0,0.0,0.0,0.0,0.0,0.0,0.1,0.0,0.0,0.0,2.0
12009,12 BEVERAGES,"Wine, White, Sweet",0.0,0.0,0.0,0.0,0.0,0.0,0.1,0.0,0.0,0.0,1.5
13002,13 CONDIMENTS AND SPICES,"Baking powder, dry powder",0.0,0.0,0.0,0.0,0.0,0.0,0.0,0.0,0.0,0.0,0.0
13004,13 CONDIMENTS AND SPICES,"Bay leaf, dried",309.0,618.0,0.0,3710.0,0.01,0.42,2.0,180.0,180.0,0.0,46.5
13006,13 CONDIMENTS AND SPICES,"Chilli, fresh, raw",45.0,91.0,0.0,545.0,0.09,0.11,0.9,23.0,23.0,0.0,94.1
13008,13 CONDIMENTS AND SPICES,"Cinnamon, dried, ground",3.0,7.0,0.0,39.0,0.02,0.07,1.3,28.0,28.0,0.0,27.9
13010,13 CONDIMENTS AND SPICES,"Coconut, Milk",0.0,0.0,0.0,0.0,0.02,0.01,0.0,14.0,14.0,0.0,0.9
13011,13 CONDIMENTS AND SPICES,"Coriander Leaves, fresh, raw",317.0,635.0,0.0,3810.0,0.3,0.1,0.9,62.0,62.0,0.0,35.9
13012,13 CONDIMENTS AND SPICES,"Coriander seed, dried, ground",10.0,20.0,0.0,122.0,0.22,0.35,3.4,86.0,86.0,0.0,29.0
13013,13 CONDIMENTS AND SPICES,"Cumin seeds, dried, raw",44.0,88.0,0.0,527.0,0.55,0.19,3.2,90.0,90.0,0.0,15.0
13014,13 CONDIMENTS AND SPICES,"Curry leaves, fresh, raw",645.0,1290.0,0.0,7740.0,0.08,0.17,1.6,94.0,94.0,0.0,7.0
13015,13 CONDIMENTS AND SPICES,Curry powder,80.0,161.0,0.0,965.0,0.25,0.28,3.5,56.0,56.0,0.0,11.0
13016,13 CONDIMENTS AND SPICES,"Fenugreek leaves, fresh, raw",609.0,1220.0,0.0,7300.0,0.12,0.26,1.2,75.0,75.0,0.0,80.1
13017,13 CONDIMENTS AND SPICES,"Fenugreek seeds, raw",8.0,15.0,0.0,91.0,0.34,0.29,1.5,57.0,57.0,0.0,3.0
13020,13 CONDIMENTS AND SPICES,"Ginger, dried, ground",80.0,161.0,0.0,965.0,0.16,0.27,3.5,88.0,88.0,0.0,29.0
13021,13 CONDIMENTS AND SPICES,"Green Ginger (Mature), fresh, raw",3.0,6.0,0.0,35.0,0.03,0.06,2.5,30.0,30.0,0.0,8.0
13022,13 CONDIMENTS AND SPICES,"Mint Leaves, fresh, raw",62.0,123.0,0.0,740.0,0.15,0.09,1.7,114.0,114.0,0.0,26.0
13023,13 CONDIMENTS AND SPICES,"Onion, mature, red skinned, peeled, fresh, raw",1.0,2.0,0.0,10.0,0.02,0.04,0.3,14.0,14.0,0.0,7.0
13024,13 CONDIMENTS AND SPICES,"Onion, spring, raw",53.0,105.0,0.0,632.0,0.04,0.06,0.6,48.0,48.0,0.0,26.0
13025,13 CONDIMENTS AND SPICES,"Parsley, fresh, raw",354.0,708.0,0.0,4250.0,0.15,0.04,1.1,55.0,55.0,0.0,119.0
13026,13 CONDIMENTS AND SPICES,"Pepper, ground, black, dry, raw",14.0,29.0,0.0,171.0,0.09,0.14,0.7,10.0,10.0,0.0,0.0
13029,13 CONDIMENTS AND SPICES,"Tamarind , fruit, dry, raw",0.0,0.0,0.0,1.54,60.0,0.18,2.0,10.0,10.0,0.0,0.6
13030,13 CONDIMENTS AND SPICES,"Tamarind , fruit, fresh, raw",0.0,0.0,0.0,1.54,0.34,0.07,1.6,10.0,10.0,0.0,3.6
13031,13 CONDIMENTS AND SPICES,"Tomato, sauce (Ketchup)",22.0,43.0,0.0,260.0,0.0,0.1,1.3,16.0,16.0,0.0,0.0
13032,13 CONDIMENTS AND SPICES,"Tomato, paste, with added salt",113.0,225.0,0.0,1350.0,0.13,0.13,2.8,17.0,17.0,0.0,15.0
13033,13 CONDIMENTS AND SPICES,"Tomato, soup, condensed, canned",11.0,22.0,0.0,130.0,0.3,0.0,1.3,3.0,3.0,0.0,4.0
13034,13 CONDIMENTS AND SPICES,"Turmeric, dried, ground",80.0,161.0,0.0,965.0,0.26,0.23,3.4,85.0,85.0,0.0,30.0
13035,13 CONDIMENTS AND SPICES,"Yeast, dry powder",0.0,0.0,0.0,0.0,2.8,4.0,8.5,4000.0,4000.0,0.0,0.0
14002,14 INSECTS,"Grasshopper, Green, Fresh, Raw",94.0,94.0,94.0,0.0,,0.93,3.6,1.0,1.0,,0.6
14004,14 INSECTS,"Termite, Fresh, Raw",224.0,224.0,224.0,0.0,,4.18,2.8,0.0,0.0,,0.7
15002,15 MIXED DISHES,"Sorghum, Finger Millet and Maize Porridge",7.0,7.0,7.0,3.0,0.02,0.05,0.3,5.0,5.0,0.09,0.0
15004,15 MIXED DISHES,Mahamri (Swahili Doughnuts),41.0,42.0,41.0,1.0,0.43,0.3,2.7,,60.0,0.34,0.1
15006,15 MIXED DISHES,Maize and Finger Millet Flour Ugali,0.0,0.0,0.0,0.0,0.07,0.02,1.2,24.0,24.0,0.0,0.0
15008,15 MIXED DISHES,Cassava and Red Sorghum Ugali,0.0,0.0,0.0,3.0,0.05,0.04,0.7,14.0,14.0,0.0,0.5
15010,15 MIXED DISHES,"Sorghum, Maize flour & Finger Millet Ugali",0.0,0.0,0.0,1.0,0.04,0.02,0.7,11.0,11.0,0.0,0.0
15012,15 MIXED DISHES,"Cassava, Millet & Sorghum Porridge",0.0,0.0,0.0,1.0,0.01,0.01,0.2,4.0,4.0,0.0,0.1
15014,15 MIXED DISHES,Finger Millet Porridge (Uji wa Wimbi),0.0,0.0,0.0,0.0,0.01,0.0,0.4,6.0,6.0,0.0,0.0
15016,15 MIXED DISHES,Rice Flour Porridge (Uji wa Mchele),0.0,0.0,0.0,0.0,0.01,0.0,0.2,1.0,1.0,0.0,0.1
15018,15 MIXED DISHES,“Busara” (Whole Maize and Finger Millet Porridge),0.0,0.0,0.0,0.0,0.02,0.01,0.5,8.0,8.0,0.0,0.0
15020,15 MIXED DISHES,Brown Chapati,1.0,1.0,1.0,1.0,0.29,0.08,2.0,,0.0,0.0,0.0
15022,15 MIXED DISHES,Fried Egg (Mayai ya Kukaangwa),192.0,192.0,192.0,0.0,0.11,0.5,0.0,60.0,60.0,1.66,0.0
15024,15 MIXED DISHES,Spanish Omelette,110.0,119.0,102.0,102.0,0.08,0.28,0.2,40.0,40.0,0.88,20.3
15026,15 MIXED DISHES,Vegetable Samosa (Sambusa ya Mboga),138.0,237.0,39.0,1185.0,0.46,0.31,3.2,,52.0,0.33,23.7
15028,15 MIXED DISHES,Tosti Mayai (Egg Toast),106.0,106.0,106.0,0.0,0.14,0.29,2.2,47.0,47.0,1.0,0.0
15030,15 MIXED DISHES,“Terere” (Stir fried amaranth leaves),209.0,418.0,0.0,2510.0,0.03,0.16,0.6,37.0,37.0,0.0,49.3
15032,15 MIXED DISHES,Stir-fried Cabbage,0.0,0.0,0.0,1.0,0.04,0.04,0.4,11.0,11.0,0.0,38.6
15034,15 MIXED DISHES,Pumpkin Leaves,61.0,107.0,16.0,548.0,0.03,0.16,0.6,17.0,17.0,0.24,10.7
15036,15 MIXED DISHES,Pilau (Spiced Rice),5.0,8.0,2.0,39.0,0.04,0.1,1.5,12.0,12.0,0.4,5.9
15038,15 MIXED DISHES,Mseto wa Maharagwe (Add Rice with Beans),3.0,5.0,0.0,27.0,0.06,0.06,0.6,29.0,29.0,0.0,2.3
15040,15 MIXED DISHES,"Fiqe (Red Sorghum, Beans and Teff Flour)",82.0,131.0,34.0,584.0,0.15,0.12,1.4,62.0,62.0,0.0,24.0
15042,15 MIXED DISHES,Qita (Maize and Wheat flour pancake),62.0,63.0,61.0,10.0,0.35,0.23,2.4,,28.0,0.15,0.2
15044,15 MIXED DISHES,Mchuzi wa ndengu (Green Gram Stew),4.0,8.0,0.0,46.0,0.08,0.04,0.4,71.0,71.0,0.0,2.1
15046,15 MIXED DISHES,Mchuzi wa Ndengu Kamande (Lentil Stew),3.0,7.0,0.0,40.0,0.08,0.05,0.6,22.0,22.0,0.0,4.3
15048,15 MIXED DISHES,Mbuboyi (Blood Cooked in Fresh Milk),,,65.0,,0.05,0.17,0.2,,,,
15051,15 MIXED DISHES,"Ugali (Cassava, Fingermillet and Sorghum Flour Ugali)",0.0,1.0,0.0,4.0,0.05,0.04,0.9,18.0,18.0,0.0,0.8
15053,15 MIXED DISHES,Githeri (stewed Maize & Beans),0.0,1.0,0.0,2.0,0.1,0.06,0.8,52.0,52.0,0.0,0.5
15055,15 MIXED DISHES,Githeri (Sauteed Fresh Maize and beans),2.0,5.0,0.0,27.0,0.12,0.08,1.0,57.0,57.0,0.0,0.8
15058,15 MIXED DISHES,Stewed Potatoes & Arrowroots,3.0,7.0,0.0,40.0,0.08,0.05,1.0,12.0,12.0,0.0,7.1
15060,15 MIXED DISHES,Githeri (Fresh beans and Maize),6.0,13.0,0.0,76.0,0.13,0.09,1.4,54.0,54.0,0.0,9.2
15062,15 MIXED DISHES,Mukimo wa Njahi (Raw & Ripe Bananas),1.0,2.0,0.0,12.0,0.15,0.07,0.8,14.0,14.0,,9.8
15064,15 MIXED DISHES,Vimumunya vya Chumvi (Pumpkin & Coconut Milk),88.0,176.0,0.0,1060.0,0.05,0.05,0.6,22.0,22.0,0.0,5.5
15066,15 MIXED DISHES,Biryani rice,0.0,0.0,0.0,0.0,0.02,0.04,0.4,3.0,3.0,0.0,0.0
15067,15 MIXED DISHES,Vimumunya vya Sukari (Sweetened Pumpkin & Coconut Milk),81.0,162.0,0.0,973.0,0.05,0.04,0.5,19.0,19.0,0.0,5.0
15069,15 MIXED DISHES,Mushenye (Green Maize and Sweet Potatoes),1.0,3.0,0.0,16.0,0.15,0.07,1.6,50.0,50.0,0.0,5.9
15071,15 MIXED DISHES,Malesele (Cow Blood with Sour Milk),,,106.0,,0.1,0.25,0.7,,,,
15073,15 MIXED DISHES,Ingokho (Fried Chicken),134.0,134.0,134.0,0.0,0.18,0.25,12.3,13.0,13.0,0.97,2.3
15075,15 MIXED DISHES,Wali wa Yasmin (Onion Fried Rice),0.0,0.0,0.0,1.0,0.02,0.05,0.5,4.0,4.0,0.0,0.9
15077,15 MIXED DISHES,Thabai / Thaa (Stinging Nettle Leaves),0.0,1.0,0.0,4.0,0.01,0.06,0.2,62.0,62.0,0.0,1.0
15079,15 MIXED DISHES,Kunde and Mrenda (Stewed Cowpeas and Jute Mallow leaves),84.0,147.0,21.0,757.0,0.1,0.29,0.4,38.0,38.0,0.28,13.1
15081,15 MIXED DISHES,Chai ya Maziwa (Mixed Tea),14.0,14.0,13.0,6.0,0.0,0.0,0.0,1.0,1.0,0.17,0.0
15083,15 MIXED DISHES,Kimanga cha Ndizi (Smoked Green Bananas and Kidney Beans),2.0,3.0,0.0,20.0,0.1,0.09,0.9,48.0,48.0,0.0,0.8
15085,15 MIXED DISHES,Ndoto (Sauteed Red Kidney Beans & Red Sorghum),0.0,1.0,0.0,3.0,0.08,0.05,1.0,35.0,35.0,0.0,0.4
15087,15 MIXED DISHES,Beef Stew,14.0,21.0,7.0,89.0,0.01,0.2,3.3,7.0,7.0,1.16,7.7
15088,15 MIXED DISHES,"Munono (Cow blood, beef, cow fat)",,,34.0,,0.03,0.18,2.6,,,,
15089,15 MIXED DISHES,Osarge Ogkole (Fresh blood and Fresh milk),,,49.0,,0.02,0.23,0.1,,,,
15091,15 MIXED DISHES,Kitojo (Sweet Potato Leaves),138.0,276.0,0.0,1653.0,0.07,0.26,0.9,2.0,2.0,0.0,8.1
15093,15 MIXED DISHES,Nchenga/ Nzenga (Crushed Maize),87.0,173.0,0.0,1038.0,0.03,0.01,0.2,5.0,5.0,0.0,1.5
15095,15 MIXED DISHES,Likhanga (Stewed Guinea Fowl),10.0,18.0,2.0,96.0,0.02,0.15,2.4,7.0,7.0,0.14,8.4
15097,15 MIXED DISHES,Stewed Green Bananas,6.0,13.0,0.0,75.0,0.03,0.03,0.3,10.0,10.0,0.0,13.2
15099,15 MIXED DISHES,Stir Fried Goat Meat,42.0,60.0,24.0,214.0,0.2,0.33,5.4,14.0,14.0,2.84,18.7
15101,15 MIXED DISHES,Omena wa Kukaangwa (Fried Omena),55.0,69.0,41.0,171.0,0.11,0.17,5.4,22.0,22.0,16.78,10.9
15103,15 MIXED DISHES,Mashed Potatoes,0.0,0.0,0.0,0.0,0.06,0.03,1.1,42.0,42.0,0.0,6.0
15105,15 MIXED DISHES,Enriched Mashed Potatoes,51.0,54.0,48.0,38.0,0.05,0.03,0.9,34.0,34.0,0.0,4.9
15107,15 MIXED DISHES,Stewed Nile Perch,16.0,22.0,10.0,68.0,0.01,0.01,1.6,9.0,9.0,0.86,5.2
15110,15 MIXED DISHES,Potato Chips,0.0,0.0,0.0,0.0,0.11,0.07,2.3,82.0,82.0,0.0,12.0
15112,15 MIXED DISHES,Arrowroot Stew,48.0,95.0,0.0,570.0,0.09,0.05,1.1,13.0,13.0,0.0,5.3
15114,15 MIXED DISHES,Black Bean Stew (Dolichos/ Njahi Stew),3.0,5.0,0.0,30.0,0.07,0.03,0.4,4.0,4.0,0.0,2.6
15116,15 MIXED DISHES,Mcheleng (Rice with Milk),44.0,47.0,42.0,27.0,0.02,0.14,0.3,9.0,9.0,0.2,0.0
15118,15 MIXED DISHES,Nyenyi (Mashed Pigeon Peas & Green Maize),23.0,34.0,12.0,130.0,0.14,0.05,1.0,54.0,54.0,0.0,2.9
15120,15 MIXED DISHES,Mashed Pumpkin and Black Nightshade Leaves,88.0,176.0,0.0,1050.0,0.09,0.27,1.4,233.0,233.0,0.0,21.5
15122,15 MIXED DISHES,Oatmeal,0.0,0.0,0.0,0.0,0.13,0.03,0.2,6.0,6.0,0.0,0.0
15124,15 MIXED DISHES,Enriched Mandazi (East African Doughnuts; Enriched),90.0,92.0,88.0,24.0,0.47,0.36,3.0,,21.0,0.57,0.7
15126,15 MIXED DISHES,Stewed Split Dal,9.0,18.0,0.0,105.0,0.05,0.03,0.3,31.0,31.0,0.0,4.8
15128,15 MIXED DISHES,Peas and Brinjal Curry,29.0,58.0,0.0,348.0,0.13,0.09,1.1,56.0,56.0,0.0,16.8
15130,15 MIXED DISHES,Rotli (Indian Chapati),44.0,46.0,42.0,25.0,0.32,0.09,2.2,,0.0,0.0,0.0
15132,15 MIXED DISHES,Chaas (Diluted Yoghurt),24.0,26.0,23.0,16.0,0.04,0.11,0.0,0.0,0.0,0.12,0.0
15134,15 MIXED DISHES,Minced Meat Balls,9.0,16.0,2.0,79.0,0.02,0.1,1.4,5.0,5.0,0.43,4.1
15137,15 MIXED DISHES,Okra Meat Dish,15.0,28.0,3.0,151.0,0.03,0.1,1.7,13.0,13.0,0.51,9.3
